 ROC-integ, Separation, Significance, Variables
 0.765,0.214,0.521, avg_btag_disc_btags, ptSumOther_ptAsymJJMax
 0.765,0.218,0.533, avg_btag_disc_btags, ptSumOther_mOtherMax
 0.759,0.212,0.521, avg_btag_disc_btags, ptSumOther_dEtaJJMax
 0.761,0.215,0.522, avg_btag_disc_btags, sum_pt
 0.763,0.218,0.515, avg_btag_disc_btags, ptSumOther_ptOtherMax
 0.759,0.210,0.513, avg_btag_disc_btags, ptSumOther_pOtherMin
 0.764,0.220,0.518, avg_btag_disc_btags, ptSumOther_etaOtherMin
 0.762,0.215,0.510, avg_btag_disc_btags, ptSumOther_dPhiJJMax
 0.760,0.210,0.513, avg_btag_disc_btags, ptSumOther_pzJJMax
, avg_btag_disc_btags, ptSumOther_pzOtherMin
 0.755,0.209,0.505, avg_btag_disc_btags, ptSumOther_sumPtJJMax
 0.755,0.209,0.505, avg_btag_disc_btags, ptSumOther_ptSumOtherMin
 0.755,0.209,0.505, avg_btag_disc_btags, ptSumOther_ptLeadOtherMin
 0.759,0.210,0.517, avg_btag_disc_btags, ptSumOther_sumPtJJMin
 0.759,0.210,0.517, avg_btag_disc_btags, ptSumOther_ptSumOtherMax
 0.745,0.197,0.511, avg_btag_disc_btags, dEtaJJ_dEtaJJMin
 0.760,0.220,0.517, avg_btag_disc_btags, ptSumOther_etaJJMax
 0.760,0.211,0.518, avg_btag_disc_btags, ptSumOther_dEtaJJMin
 0.762,0.220,0.511, avg_btag_disc_btags, ptSumOther_ptJJMax
 0.731,0.174,0.507, avg_btag_disc_btags, higgsLike_dijet_mass2
 0.761,0.212,0.521, avg_btag_disc_btags, ptSumOther_etaJJMin
 0.756,0.211,0.513, avg_btag_disc_btags, ptSumOther_dPhiJJMin
 0.754,0.203,0.507, avg_btag_disc_btags, ptSumOther_dRJJMax
 0.752,0.201,0.507, avg_btag_disc_btags, ptSumOther_ptJJMin
 0.761,0.216,0.513, avg_btag_disc_btags, ptSumOther_mJJMin
 0.759,0.214,0.513, avg_btag_disc_btags, ptSumOther_pJJMax
 0.751,0.201,0.511, avg_btag_disc_btags, ptSumOther_pzJJMin
 0.751,0.201,0.511, avg_btag_disc_btags, ptSumOther_pzOtherMax
 0.755,0.203,0.511, avg_btag_disc_btags, ptSumOther_pJJMin
 0.752,0.205,0.495, avg_btag_disc_btags, ptSumOther_mOtherMin
 0.752,0.202,0.504, avg_btag_disc_btags, ptSumOther_etaOtherMax
 0.754,0.203,0.507, avg_btag_disc_btags, mOther_dEtaJJMax
 0.752,0.202,0.507, avg_btag_disc_btags, ptSumOther_ptOtherMin
 0.754,0.202,0.506, avg_btag_disc_btags, ptSumOther_dRJJMin
 0.755,0.206,0.510, avg_btag_disc_btags, ptLeadOther_sumPtJJMax
 0.755,0.206,0.510, avg_btag_disc_btags, ptLeadOther_ptSumOtherMin
 0.755,0.206,0.510, avg_btag_disc_btags, ptLeadOther_ptLeadOtherMin
 0.757,0.206,0.505, avg_btag_disc_btags, sumPtJJ_ptLeadOtherMax
 0.757,0.213,0.504, avg_btag_disc_btags, ptSumOther_mJJMax
 0.748,0.193,0.491, avg_btag_disc_btags, mOther_dRJJMax
 0.758,0.209,0.518, avg_btag_disc_btags, ptSumOther_pOtherMax
 0.736,0.180,0.508, avg_btag_disc_btags, min_dr_jets
 0.736,0.180,0.508, avg_btag_disc_btags, dRJJ_dRJJMin
 0.738,0.187,0.532, avg_btag_disc_btags, numHiggsLike_dijet_15_float
 0.756,0.210,0.511, avg_btag_disc_btags, ptSumOther_ptLeadOtherMax
 0.745,0.194,0.509, avg_btag_disc_btags, ptSumOther_ptAsymJJMin
 0.714,0.161,0.486, avg_btag_disc_btags, higgsLike_dijet_mass
 0.730,0.180,0.523, avg_btag_disc_btags, dRJJ_ptJJMax
 0.687,0.120,0.325, ptSumOther_ptAsymJJMax, ptSumOther_mOtherMax
 0.685,0.117,0.316, ptSumOther_ptAsymJJMax, ptSumOther_dEtaJJMax
 0.684,0.122,0.320, ptSumOther_ptAsymJJMax, sum_pt
 0.680,0.113,0.309, ptSumOther_ptAsymJJMax, ptSumOther_ptOtherMax
 0.680,0.113,0.316, ptSumOther_ptAsymJJMax, ptSumOther_pOtherMin
 0.681,0.110,0.313, ptSumOther_ptAsymJJMax, ptSumOther_etaOtherMin
 0.682,0.117,0.308, ptSumOther_ptAsymJJMax, ptSumOther_dPhiJJMax
 0.676,0.107,0.303, ptSumOther_ptAsymJJMax, ptSumOther_pzJJMax
 0.676,0.107,0.303, ptSumOther_ptAsymJJMax, ptSumOther_pzOtherMin
 0.676,0.113,0.305, ptSumOther_ptAsymJJMax, ptSumOther_sumPtJJMax
 0.676,0.113,0.305, ptSumOther_ptAsymJJMax, ptSumOther_ptSumOtherMin
 0.676,0.113,0.305, ptSumOther_ptAsymJJMax, ptSumOther_ptLeadOtherMin
 0.689,0.120,0.329, ptSumOther_ptAsymJJMax, ptSumOther_sumPtJJMin
 0.689,0.120,0.329, ptSumOther_ptAsymJJMax, ptSumOther_ptSumOtherMax
 0.710,0.146,0.395, ptSumOther_ptAsymJJMax, dEtaJJ_dEtaJJMin
 0.682,0.115,0.321, ptSumOther_ptAsymJJMax, ptSumOther_etaJJMax
 0.686,0.121,0.324, ptSumOther_ptAsymJJMax, ptSumOther_dEtaJJMin
 0.683,0.115,0.313, ptSumOther_ptAsymJJMax, ptSumOther_ptJJMax
 0.713,0.147,0.414, ptSumOther_ptAsymJJMax, higgsLike_dijet_mass2
 0.682,0.113,0.311, ptSumOther_ptAsymJJMax, ptSumOther_etaJJMin
 0.677,0.104,0.304, ptSumOther_ptAsymJJMax, ptSumOther_dPhiJJMin
 0.679,0.110,0.310, ptSumOther_ptAsymJJMax, ptSumOther_dRJJMax
 0.685,0.114,0.328, ptSumOther_ptAsymJJMax, ptSumOther_ptJJMin
 0.684,0.117,0.323, ptSumOther_ptAsymJJMax, ptSumOther_mJJMin
 0.683,0.112,0.313, ptSumOther_ptAsymJJMax, ptSumOther_pJJMax
 0.686,0.115,0.314, ptSumOther_ptAsymJJMax, ptSumOther_pzJJMin
 0.686,0.115,0.314, ptSumOther_ptAsymJJMax, ptSumOther_pzOtherMax
 0.682,0.120,0.325, ptSumOther_ptAsymJJMax, ptSumOther_pJJMin
 0.676,0.110,0.311, ptSumOther_ptAsymJJMax, ptSumOther_mOtherMin
 0.681,0.116,0.312, ptSumOther_ptAsymJJMax, ptSumOther_etaOtherMax
 0.690,0.124,0.332, ptSumOther_ptAsymJJMax, mOther_dEtaJJMax
 0.685,0.116,0.324, ptSumOther_ptAsymJJMax, ptSumOther_ptOtherMin
 0.688,0.124,0.329, ptSumOther_ptAsymJJMax, ptSumOther_dRJJMin
 0.694,0.126,0.345, ptSumOther_ptAsymJJMax, ptLeadOther_sumPtJJMax
 0.694,0.126,0.345, ptSumOther_ptAsymJJMax, ptLeadOther_ptSumOtherMin
 0.694,0.126,0.345, ptSumOther_ptAsymJJMax, ptLeadOther_ptLeadOtherMin
 0.690,0.124,0.323, ptSumOther_ptAsymJJMax, sumPtJJ_ptLeadOtherMax
 0.681,0.109,0.310, ptSumOther_ptAsymJJMax, ptSumOther_mJJMax
 0.694,0.122,0.339, ptSumOther_ptAsymJJMax, mOther_dRJJMax
 0.685,0.118,0.321, ptSumOther_ptAsymJJMax, ptSumOther_pOtherMax
 0.703,0.135,0.390, ptSumOther_ptAsymJJMax, min_dr_jets
 0.703,0.135,0.390, ptSumOther_ptAsymJJMax, dRJJ_dRJJMin
 0.720,0.165,0.438, ptSumOther_ptAsymJJMax, numHiggsLike_dijet_15_float
 0.686,0.122,0.314, ptSumOther_ptAsymJJMax, ptSumOther_ptLeadOtherMax
 0.686,0.119,0.324, ptSumOther_ptAsymJJMax, ptSumOther_ptAsymJJMin
 0.709,0.141,0.399, ptSumOther_ptAsymJJMax, higgsLike_dijet_mass
 0.725,0.162,0.459, ptSumOther_ptAsymJJMax, dRJJ_ptJJMax
 0.685,0.119,0.334, ptSumOther_mOtherMax, ptSumOther_dEtaJJMax
 0.677,0.119,0.338, ptSumOther_mOtherMax, sum_pt
 0.686,0.118,0.339, ptSumOther_mOtherMax, ptSumOther_ptOtherMax
 0.677,0.114,0.327, ptSumOther_mOtherMax, ptSumOther_pOtherMin
 0.681,0.116,0.321, ptSumOther_mOtherMax, ptSumOther_etaOtherMin
 0.684,0.117,0.317, ptSumOther_mOtherMax, ptSumOther_dPhiJJMax
 0.675,0.114,0.318, ptSumOther_mOtherMax, ptSumOther_pzJJMax
 0.675,0.114,0.318, ptSumOther_mOtherMax, ptSumOther_pzOtherMin
 0.682,0.117,0.325, ptSumOther_mOtherMax, ptSumOther_sumPtJJMax
 0.682,0.117,0.325, ptSumOther_mOtherMax, ptSumOther_ptSumOtherMin
 0.682,0.117,0.325, ptSumOther_mOtherMax, ptSumOther_ptLeadOtherMin
 0.677,0.110,0.336, ptSumOther_mOtherMax, ptSumOther_sumPtJJMin
 0.677,0.110,0.336, ptSumOther_mOtherMax, ptSumOther_ptSumOtherMax
 0.708,0.149,0.406, ptSumOther_mOtherMax, dEtaJJ_dEtaJJMin
 0.678,0.116,0.332, ptSumOther_mOtherMax, ptSumOther_etaJJMax
 0.677,0.118,0.329, ptSumOther_mOtherMax, ptSumOther_dEtaJJMin
 0.688,0.120,0.336, ptSumOther_mOtherMax, ptSumOther_ptJJMax
 0.714,0.148,0.431, ptSumOther_mOtherMax, higgsLike_dijet_mass2
 0.679,0.110,0.330, ptSumOther_mOtherMax, ptSumOther_etaJJMin
 0.672,0.104,0.320, ptSumOther_mOtherMax, ptSumOther_dPhiJJMin
 0.677,0.112,0.329, ptSumOther_mOtherMax, ptSumOther_dRJJMax
 0.678,0.115,0.338, ptSumOther_mOtherMax, ptSumOther_ptJJMin
 0.678,0.118,0.334, ptSumOther_mOtherMax, ptSumOther_mJJMin
 0.678,0.115,0.333, ptSumOther_mOtherMax, ptSumOther_pJJMax
 0.676,0.107,0.325, ptSumOther_mOtherMax, ptSumOther_pzJJMin
 0.676,0.107,0.325, ptSumOther_mOtherMax, ptSumOther_pzOtherMax
 0.676,0.118,0.341, ptSumOther_mOtherMax, ptSumOther_pJJMin
 0.680,0.116,0.326, ptSumOther_mOtherMax, ptSumOther_mOtherMin
 0.673,0.110,0.325, ptSumOther_mOtherMax, ptSumOther_etaOtherMax
 0.699,0.133,0.368, ptSumOther_mOtherMax, mOther_dEtaJJMax
 0.681,0.119,0.344, ptSumOther_mOtherMax, ptSumOther_ptOtherMin
 0.678,0.117,0.339, ptSumOther_mOtherMax, ptSumOther_dRJJMin
 0.695,0.134,0.370, ptSumOther_mOtherMax, ptLeadOther_sumPtJJMax
 0.695,0.134,0.370, ptSumOther_mOtherMax, ptLeadOther_ptSumOtherMin
 0.695,0.134,0.370, ptSumOther_mOtherMax, ptLeadOther_ptLeadOtherMin
 0.688,0.126,0.350, ptSumOther_mOtherMax, sumPtJJ_ptLeadOtherMax
 0.680,0.120,0.321, ptSumOther_mOtherMax, ptSumOther_mJJMax
 0.696,0.136,0.365, ptSumOther_mOtherMax, mOther_dRJJMax
 0.677,0.113,0.329, ptSumOther_mOtherMax, ptSumOther_pOtherMax
 0.702,0.141,0.401, ptSumOther_mOtherMax, min_dr_jets
 0.702,0.141,0.401, ptSumOther_mOtherMax, dRJJ_dRJJMin
 0.719,0.157,0.453, ptSumOther_mOtherMax, numHiggsLike_dijet_15_float
 0.681,0.122,0.336, ptSumOther_mOtherMax, ptSumOther_ptLeadOtherMax
 0.680,0.113,0.341, ptSumOther_mOtherMax, ptSumOther_ptAsymJJMin
 0.705,0.144,0.418, ptSumOther_mOtherMax, higgsLike_dijet_mass
 0.727,0.165,0.476, ptSumOther_mOtherMax, dRJJ_ptJJMax
 0.685,0.118,0.332, ptSumOther_dEtaJJMax, sum_pt
 0.685,0.121,0.318, ptSumOther_dEtaJJMax, ptSumOther_ptOtherMax
 0.683,0.114,0.325, ptSumOther_dEtaJJMax, ptSumOther_pOtherMin
 0.686,0.116,0.325, ptSumOther_dEtaJJMax, ptSumOther_etaOtherMin
 0.685,0.119,0.312, ptSumOther_dEtaJJMax, ptSumOther_dPhiJJMax
 0.681,0.113,0.316, ptSumOther_dEtaJJMax, ptSumOther_pzJJMax
 0.681,0.113,0.316, ptSumOther_dEtaJJMax, ptSumOther_pzOtherMin
 0.678,0.110,0.308, ptSumOther_dEtaJJMax, ptSumOther_sumPtJJMax
 0.678,0.110,0.308, ptSumOther_dEtaJJMax, ptSumOther_ptSumOtherMin
 0.678,0.110,0.308, ptSumOther_dEtaJJMax, ptSumOther_ptLeadOtherMin
 0.685,0.116,0.324, ptSumOther_dEtaJJMax, ptSumOther_sumPtJJMin
 0.685,0.116,0.324, ptSumOther_dEtaJJMax, ptSumOther_ptSumOtherMax
 0.710,0.148,0.399, ptSumOther_dEtaJJMax, dEtaJJ_dEtaJJMin
 0.682,0.118,0.325, ptSumOther_dEtaJJMax, ptSumOther_etaJJMax
 0.687,0.118,0.335, ptSumOther_dEtaJJMax, ptSumOther_dEtaJJMin
 0.684,0.121,0.319, ptSumOther_dEtaJJMax, ptSumOther_ptJJMax
 0.712,0.148,0.418, ptSumOther_dEtaJJMax, higgsLike_dijet_mass2
 0.679,0.109,0.316, ptSumOther_dEtaJJMax, ptSumOther_etaJJMin
 0.679,0.107,0.314, ptSumOther_dEtaJJMax, ptSumOther_dPhiJJMin
 0.675,0.110,0.315, ptSumOther_dEtaJJMax, ptSumOther_dRJJMax
 0.681,0.113,0.327, ptSumOther_dEtaJJMax, ptSumOther_ptJJMin
 0.686,0.119,0.328, ptSumOther_dEtaJJMax, ptSumOther_mJJMin
 0.683,0.114,0.319, ptSumOther_dEtaJJMax, ptSumOther_pJJMax
 0.679,0.114,0.319, ptSumOther_dEtaJJMax, ptSumOther_pzJJMin
 0.679,0.114,0.319, ptSumOther_dEtaJJMax, ptSumOther_pzOtherMax
 0.680,0.115,0.324, ptSumOther_dEtaJJMax, ptSumOther_pJJMin
 0.680,0.112,0.315, ptSumOther_dEtaJJMax, ptSumOther_mOtherMin
 0.678,0.111,0.316, ptSumOther_dEtaJJMax, ptSumOther_etaOtherMax
 0.689,0.123,0.347, ptSumOther_dEtaJJMax, mOther_dEtaJJMax
 0.682,0.113,0.325, ptSumOther_dEtaJJMax, ptSumOther_ptOtherMin
 0.683,0.122,0.321, ptSumOther_dEtaJJMax, ptSumOther_dRJJMin
 0.696,0.131,0.361, ptSumOther_dEtaJJMax, ptLeadOther_sumPtJJMax
 0.696,0.131,0.361, ptSumOther_dEtaJJMax, ptLeadOther_ptSumOtherMin
 0.696,0.131,0.361, ptSumOther_dEtaJJMax, ptLeadOther_ptLeadOtherMin
 0.692,0.128,0.343, ptSumOther_dEtaJJMax, sumPtJJ_ptLeadOtherMax
 0.680,0.111,0.313, ptSumOther_dEtaJJMax, ptSumOther_mJJMax
 0.686,0.116,0.334, ptSumOther_dEtaJJMax, mOther_dRJJMax
 0.683,0.116,0.325, ptSumOther_dEtaJJMax, ptSumOther_pOtherMax
 0.704,0.141,0.396, ptSumOther_dEtaJJMax, min_dr_jets
 0.704,0.141,0.396, ptSumOther_dEtaJJMax, dRJJ_dRJJMin
 0.718,0.162,0.442, ptSumOther_dEtaJJMax, numHiggsLike_dijet_15_float
 0.684,0.119,0.317, ptSumOther_dEtaJJMax, ptSumOther_ptLeadOtherMax
 0.678,0.116,0.320, ptSumOther_dEtaJJMax, ptSumOther_ptAsymJJMin
 0.707,0.143,0.408, ptSumOther_dEtaJJMax, higgsLike_dijet_mass
 0.721,0.158,0.458, ptSumOther_dEtaJJMax, dRJJ_ptJJMax
 0.687,0.123,0.329, sum_pt, ptSumOther_ptOtherMax
 0.684,0.124,0.332, sum_pt, ptSumOther_pOtherMin
 0.685,0.119,0.331, sum_pt, ptSumOther_etaOtherMin
 0.685,0.128,0.321, sum_pt, ptSumOther_dPhiJJMax
 0.680,0.119,0.330, sum_pt, ptSumOther_pzJJMax
 0.680,0.119,0.330, sum_pt, ptSumOther_pzOtherMin
 0.686,0.119,0.329, sum_pt, ptSumOther_sumPtJJMax
 0.686,0.119,0.329, sum_pt, ptSumOther_ptSumOtherMin
 0.686,0.119,0.329, sum_pt, ptSumOther_ptLeadOtherMin
 0.673,0.114,0.332, sum_pt, ptSumOther_sumPtJJMin
 0.673,0.114,0.332, sum_pt, ptSumOther_ptSumOtherMax
 0.704,0.151,0.408, sum_pt, dEtaJJ_dEtaJJMin
 0.682,0.123,0.341, sum_pt, ptSumOther_etaJJMax
 0.676,0.123,0.335, sum_pt, ptSumOther_dEtaJJMin
 0.685,0.124,0.323, sum_pt, ptSumOther_ptJJMax
 0.724,0.168,0.458, sum_pt, higgsLike_dijet_mass2
 0.677,0.117,0.332, sum_pt, ptSumOther_etaJJMin
 0.679,0.119,0.329, sum_pt, ptSumOther_dPhiJJMin
 0.673,0.116,0.328, sum_pt, ptSumOther_dRJJMax
 0.671,0.119,0.339, sum_pt, ptSumOther_ptJJMin
 0.674,0.117,0.323, sum_pt, ptSumOther_mJJMin
 0.682,0.116,0.326, sum_pt, ptSumOther_pJJMax
 0.670,0.109,0.321, sum_pt, ptSumOther_pzJJMin
 0.670,0.109,0.321, sum_pt, ptSumOther_pzOtherMax
 0.673,0.116,0.337, sum_pt, ptSumOther_pJJMin
 0.683,0.120,0.324, sum_pt, ptSumOther_mOtherMin
 0.672,0.111,0.321, sum_pt, ptSumOther_etaOtherMax
 0.689,0.125,0.351, sum_pt, mOther_dEtaJJMax
 0.673,0.117,0.337, sum_pt, ptSumOther_ptOtherMin
 0.672,0.113,0.326, sum_pt, ptSumOther_dRJJMin
 0.685,0.126,0.347, sum_pt, ptLeadOther_sumPtJJMax
 0.685,0.126,0.347, sum_pt, ptLeadOther_ptSumOtherMin
 0.685,0.126,0.347, sum_pt, ptLeadOther_ptLeadOtherMin
 0.677,0.115,0.327, sum_pt, sumPtJJ_ptLeadOtherMax
 0.682,0.117,0.317, sum_pt, ptSumOther_mJJMax
 0.687,0.125,0.352, sum_pt, mOther_dRJJMax
 0.675,0.120,0.328, sum_pt, ptSumOther_pOtherMax
 0.704,0.148,0.414, sum_pt, min_dr_jets
 0.704,0.148,0.414, sum_pt, dRJJ_dRJJMin
 0.727,0.168,0.469, sum_pt, numHiggsLike_dijet_15_float
 0.670,0.118,0.321, sum_pt, ptSumOther_ptLeadOtherMax
 0.672,0.120,0.338, sum_pt, ptSumOther_ptAsymJJMin
 0.714,0.159,0.460, sum_pt, higgsLike_dijet_mass
 0.727,0.167,0.479, sum_pt, dRJJ_ptJJMax
 0.685,0.115,0.319, ptSumOther_ptOtherMax, ptSumOther_pOtherMin
 0.683,0.114,0.311, ptSumOther_ptOtherMax, ptSumOther_etaOtherMin
 0.682,0.112,0.302, ptSumOther_ptOtherMax, ptSumOther_dPhiJJMax
 0.678,0.109,0.306, ptSumOther_ptOtherMax, ptSumOther_pzJJMax
 0.678,0.109,0.306, ptSumOther_ptOtherMax, ptSumOther_pzOtherMin
 0.676,0.108,0.302, ptSumOther_ptOtherMax, ptSumOther_sumPtJJMax
 0.676,0.108,0.302, ptSumOther_ptOtherMax, ptSumOther_ptSumOtherMin
 0.676,0.108,0.302, ptSumOther_ptOtherMax, ptSumOther_ptLeadOtherMin
 0.686,0.113,0.326, ptSumOther_ptOtherMax, ptSumOther_sumPtJJMin
 0.686,0.113,0.326, ptSumOther_ptOtherMax, ptSumOther_ptSumOtherMax
 0.715,0.153,0.397, ptSumOther_ptOtherMax, dEtaJJ_dEtaJJMin
 0.683,0.115,0.318, ptSumOther_ptOtherMax, ptSumOther_etaJJMax
 0.683,0.118,0.323, ptSumOther_ptOtherMax, ptSumOther_dEtaJJMin
 0.681,0.111,0.304, ptSumOther_ptOtherMax, ptSumOther_ptJJMax
 0.713,0.146,0.416, ptSumOther_ptOtherMax, higgsLike_dijet_mass2
 0.678,0.112,0.313, ptSumOther_ptOtherMax, ptSumOther_etaJJMin
 0.674,0.104,0.306, ptSumOther_ptOtherMax, ptSumOther_dPhiJJMin
 0.675,0.102,0.304, ptSumOther_ptOtherMax, ptSumOther_dRJJMax
 0.682,0.111,0.322, ptSumOther_ptOtherMax, ptSumOther_ptJJMin
 0.681,0.111,0.311, ptSumOther_ptOtherMax, ptSumOther_mJJMin
 0.678,0.108,0.304, ptSumOther_ptOtherMax, ptSumOther_pJJMax
 0.677,0.110,0.308, ptSumOther_ptOtherMax, ptSumOther_pzJJMin
 0.677,0.110,0.308, ptSumOther_ptOtherMax, ptSumOther_pzOtherMax
 0.681,0.110,0.319, ptSumOther_ptOtherMax, ptSumOther_pJJMin
 0.674,0.105,0.298, ptSumOther_ptOtherMax, ptSumOther_mOtherMin
 0.675,0.104,0.305, ptSumOther_ptOtherMax, ptSumOther_etaOtherMax
 0.683,0.118,0.312, ptSumOther_ptOtherMax, mOther_dEtaJJMax
 0.680,0.111,0.318, ptSumOther_ptOtherMax, ptSumOther_ptOtherMin
 0.681,0.113,0.314, ptSumOther_ptOtherMax, ptSumOther_dRJJMin
 0.696,0.127,0.348, ptSumOther_ptOtherMax, ptLeadOther_sumPtJJMax
 0.696,0.127,0.348, ptSumOther_ptOtherMax, ptLeadOther_ptSumOtherMin
 0.696,0.127,0.348, ptSumOther_ptOtherMax, ptLeadOther_ptLeadOtherMin
 0.688,0.121,0.325, ptSumOther_ptOtherMax, sumPtJJ_ptLeadOtherMax
 0.678,0.111,0.298, ptSumOther_ptOtherMax, ptSumOther_mJJMax
 0.684,0.111,0.322, ptSumOther_ptOtherMax, mOther_dRJJMax
 0.681,0.108,0.313, ptSumOther_ptOtherMax, ptSumOther_pOtherMax
 0.704,0.144,0.388, ptSumOther_ptOtherMax, min_dr_jets
 0.704,0.144,0.388, ptSumOther_ptOtherMax, dRJJ_dRJJMin
 0.723,0.160,0.444, ptSumOther_ptOtherMax, numHiggsLike_dijet_15_float
 0.680,0.108,0.300, ptSumOther_ptOtherMax, ptSumOther_ptLeadOtherMax
 0.674,0.104,0.309, ptSumOther_ptOtherMax, ptSumOther_ptAsymJJMin
 0.707,0.140,0.402, ptSumOther_ptOtherMax, higgsLike_dijet_mass
 0.722,0.159,0.452, ptSumOther_ptOtherMax, dRJJ_ptJJMax
 0.680,0.110,0.308, ptSumOther_pOtherMin, ptSumOther_etaOtherMin
 0.682,0.115,0.302, ptSumOther_pOtherMin, ptSumOther_dPhiJJMax
 0.675,0.112,0.307, ptSumOther_pOtherMin, ptSumOther_pzJJMax
 0.675,0.112,0.307, ptSumOther_pOtherMin, ptSumOther_pzOtherMin
 0.677,0.113,0.303, ptSumOther_pOtherMin, ptSumOther_sumPtJJMax
 0.677,0.113,0.303, ptSumOther_pOtherMin, ptSumOther_ptSumOtherMin
 0.677,0.113,0.303, ptSumOther_pOtherMin, ptSumOther_ptLeadOtherMin
 0.675,0.114,0.310, ptSumOther_pOtherMin, ptSumOther_sumPtJJMin
 0.675,0.114,0.310, ptSumOther_pOtherMin, ptSumOther_ptSumOtherMax
 0.708,0.146,0.390, ptSumOther_pOtherMin, dEtaJJ_dEtaJJMin
 0.681,0.113,0.316, ptSumOther_pOtherMin, ptSumOther_etaJJMax
 0.676,0.109,0.316, ptSumOther_pOtherMin, ptSumOther_dEtaJJMin
 0.682,0.114,0.310, ptSumOther_pOtherMin, ptSumOther_ptJJMax
 0.707,0.137,0.400, ptSumOther_pOtherMin, higgsLike_dijet_mass2
 0.676,0.111,0.315, ptSumOther_pOtherMin, ptSumOther_etaJJMin
 0.671,0.103,0.307, ptSumOther_pOtherMin, ptSumOther_dPhiJJMin
 0.670,0.102,0.300, ptSumOther_pOtherMin, ptSumOther_dRJJMax
 0.671,0.108,0.307, ptSumOther_pOtherMin, ptSumOther_ptJJMin
 0.675,0.105,0.309, ptSumOther_pOtherMin, ptSumOther_mJJMin
 0.675,0.108,0.306, ptSumOther_pOtherMin, ptSumOther_pJJMax
 0.675,0.104,0.311, ptSumOther_pOtherMin, ptSumOther_pzJJMin
 0.675,0.104,0.311, ptSumOther_pOtherMin, ptSumOther_pzOtherMax
 0.675,0.111,0.315, ptSumOther_pOtherMin, ptSumOther_pJJMin
 0.677,0.113,0.302, ptSumOther_pOtherMin, ptSumOther_mOtherMin
 0.674,0.102,0.301, ptSumOther_pOtherMin, ptSumOther_etaOtherMax
 0.681,0.113,0.313, ptSumOther_pOtherMin, mOther_dEtaJJMax
 0.670,0.102,0.305, ptSumOther_pOtherMin, ptSumOther_ptOtherMin
 0.675,0.110,0.310, ptSumOther_pOtherMin, ptSumOther_dRJJMin
 0.696,0.133,0.352, ptSumOther_pOtherMin, ptLeadOther_sumPtJJMax
 0.696,0.133,0.352, ptSumOther_pOtherMin, ptLeadOther_ptSumOtherMin
 0.696,0.133,0.352, ptSumOther_pOtherMin, ptLeadOther_ptLeadOtherMin
 0.699,0.135,0.346, ptSumOther_pOtherMin, sumPtJJ_ptLeadOtherMax
 0.679,0.112,0.302, ptSumOther_pOtherMin, ptSumOther_mJJMax
 0.677,0.108,0.306, ptSumOther_pOtherMin, mOther_dRJJMax
 0.681,0.113,0.318, ptSumOther_pOtherMin, ptSumOther_pOtherMax
 0.696,0.132,0.378, ptSumOther_pOtherMin, min_dr_jets
 0.696,0.132,0.378, ptSumOther_pOtherMin, dRJJ_dRJJMin
 0.714,0.147,0.429, ptSumOther_pOtherMin, numHiggsLike_dijet_15_float
 0.669,0.105,0.290, ptSumOther_pOtherMin, ptSumOther_ptLeadOtherMax
 0.669,0.105,0.302, ptSumOther_pOtherMin, ptSumOther_ptAsymJJMin
 0.694,0.131,0.381, ptSumOther_pOtherMin, higgsLike_dijet_mass
 0.721,0.153,0.449, ptSumOther_pOtherMin, dRJJ_ptJJMax
 0.680,0.109,0.301, ptSumOther_etaOtherMin, ptSumOther_dPhiJJMax
 0.674,0.111,0.299, ptSumOther_etaOtherMin, ptSumOther_pzJJMax
 0.674,0.111,0.299, ptSumOther_etaOtherMin, ptSumOther_pzOtherMin
 0.679,0.110,0.308, ptSumOther_etaOtherMin, ptSumOther_sumPtJJMax
 0.679,0.110,0.308, ptSumOther_etaOtherMin, ptSumOther_ptSumOtherMin
 0.679,0.110,0.308, ptSumOther_etaOtherMin, ptSumOther_ptLeadOtherMin
 0.681,0.113,0.308, ptSumOther_etaOtherMin, ptSumOther_sumPtJJMin
 0.681,0.113,0.308, ptSumOther_etaOtherMin, ptSumOther_ptSumOtherMax
 0.710,0.148,0.392, ptSumOther_etaOtherMin, dEtaJJ_dEtaJJMin
 0.676,0.111,0.315, ptSumOther_etaOtherMin, ptSumOther_etaJJMax
 0.680,0.115,0.316, ptSumOther_etaOtherMin, ptSumOther_dEtaJJMin
 0.682,0.112,0.313, ptSumOther_etaOtherMin, ptSumOther_ptJJMax
 0.709,0.139,0.406, ptSumOther_etaOtherMin, higgsLike_dijet_mass2
 0.685,0.114,0.320, ptSumOther_etaOtherMin, ptSumOther_etaJJMin
 0.676,0.100,0.308, ptSumOther_etaOtherMin, ptSumOther_dPhiJJMin
 0.675,0.105,0.307, ptSumOther_etaOtherMin, ptSumOther_dRJJMax
 0.675,0.105,0.304, ptSumOther_etaOtherMin, ptSumOther_ptJJMin
 0.681,0.117,0.310, ptSumOther_etaOtherMin, ptSumOther_mJJMin
 0.678,0.111,0.309, ptSumOther_etaOtherMin, ptSumOther_pJJMax
 0.681,0.106,0.318, ptSumOther_etaOtherMin, ptSumOther_pzJJMin
 0.681,0.106,0.318, ptSumOther_etaOtherMin, ptSumOther_pzOtherMax
 0.673,0.107,0.305, ptSumOther_etaOtherMin, ptSumOther_pJJMin
 0.675,0.106,0.300, ptSumOther_etaOtherMin, ptSumOther_mOtherMin
 0.677,0.109,0.307, ptSumOther_etaOtherMin, ptSumOther_etaOtherMax
 0.691,0.120,0.322, ptSumOther_etaOtherMin, mOther_dEtaJJMax
 0.673,0.102,0.299, ptSumOther_etaOtherMin, ptSumOther_ptOtherMin
 0.677,0.106,0.302, ptSumOther_etaOtherMin, ptSumOther_dRJJMin
 0.693,0.127,0.346, ptSumOther_etaOtherMin, ptLeadOther_sumPtJJMax
 0.693,0.127,0.346, ptSumOther_etaOtherMin, ptLeadOther_ptSumOtherMin
 0.693,0.127,0.346, ptSumOther_etaOtherMin, ptLeadOther_ptLeadOtherMin
 0.689,0.123,0.330, ptSumOther_etaOtherMin, sumPtJJ_ptLeadOtherMax
 0.677,0.109,0.293, ptSumOther_etaOtherMin, ptSumOther_mJJMax
 0.687,0.120,0.320, ptSumOther_etaOtherMin, mOther_dRJJMax
 0.676,0.106,0.309, ptSumOther_etaOtherMin, ptSumOther_pOtherMax
 0.701,0.132,0.380, ptSumOther_etaOtherMin, min_dr_jets
 0.701,0.132,0.380, ptSumOther_etaOtherMin, dRJJ_dRJJMin
 0.718,0.152,0.435, ptSumOther_etaOtherMin, numHiggsLike_dijet_15_float
 0.670,0.106,0.291, ptSumOther_etaOtherMin, ptSumOther_ptLeadOtherMax
 0.672,0.105,0.304, ptSumOther_etaOtherMin, ptSumOther_ptAsymJJMin
 0.701,0.130,0.392, ptSumOther_etaOtherMin, higgsLike_dijet_mass
 0.720,0.155,0.446, ptSumOther_etaOtherMin, dRJJ_ptJJMax
 0.677,0.113,0.293, ptSumOther_dPhiJJMax, ptSumOther_pzJJMax
 0.677,0.113,0.293, ptSumOther_dPhiJJMax, ptSumOther_pzOtherMin
 0.675,0.109,0.292, ptSumOther_dPhiJJMax, ptSumOther_sumPtJJMax
 0.675,0.109,0.292, ptSumOther_dPhiJJMax, ptSumOther_ptSumOtherMin
 0.675,0.109,0.292, ptSumOther_dPhiJJMax, ptSumOther_ptLeadOtherMin
 0.683,0.116,0.306, ptSumOther_dPhiJJMax, ptSumOther_sumPtJJMin
 0.683,0.116,0.306, ptSumOther_dPhiJJMax, ptSumOther_ptSumOtherMax
 0.709,0.147,0.384, ptSumOther_dPhiJJMax, dEtaJJ_dEtaJJMin
 0.680,0.117,0.304, ptSumOther_dPhiJJMax, ptSumOther_etaJJMax
 0.678,0.114,0.301, ptSumOther_dPhiJJMax, ptSumOther_dEtaJJMin
 0.681,0.115,0.297, ptSumOther_dPhiJJMax, ptSumOther_ptJJMax
 0.708,0.142,0.398, ptSumOther_dPhiJJMax, higgsLike_dijet_mass2
 0.676,0.109,0.300, ptSumOther_dPhiJJMax, ptSumOther_etaJJMin
 0.679,0.113,0.301, ptSumOther_dPhiJJMax, ptSumOther_dPhiJJMin
 0.673,0.107,0.294, ptSumOther_dPhiJJMax, ptSumOther_dRJJMax
 0.678,0.109,0.303, ptSumOther_dPhiJJMax, ptSumOther_ptJJMin
 0.679,0.112,0.296, ptSumOther_dPhiJJMax, ptSumOther_mJJMin
 0.679,0.110,0.299, ptSumOther_dPhiJJMax, ptSumOther_pJJMax
 0.673,0.106,0.296, ptSumOther_dPhiJJMax, ptSumOther_pzJJMin
 0.673,0.106,0.296, ptSumOther_dPhiJJMax, ptSumOther_pzOtherMax
 0.676,0.120,0.304, ptSumOther_dPhiJJMax, ptSumOther_pJJMin
 0.674,0.113,0.289, ptSumOther_dPhiJJMax, ptSumOther_mOtherMin
 0.672,0.105,0.291, ptSumOther_dPhiJJMax, ptSumOther_etaOtherMax
 0.681,0.107,0.310, ptSumOther_dPhiJJMax, mOther_dEtaJJMax
 0.676,0.110,0.300, ptSumOther_dPhiJJMax, ptSumOther_ptOtherMin
 0.678,0.116,0.295, ptSumOther_dPhiJJMax, ptSumOther_dRJJMin
 0.696,0.129,0.340, ptSumOther_dPhiJJMax, ptLeadOther_sumPtJJMax
 0.696,0.129,0.340, ptSumOther_dPhiJJMax, ptLeadOther_ptSumOtherMin
 0.696,0.129,0.340, ptSumOther_dPhiJJMax, ptLeadOther_ptLeadOtherMin
 0.692,0.127,0.325, ptSumOther_dPhiJJMax, sumPtJJ_ptLeadOtherMax
 0.676,0.106,0.287, ptSumOther_dPhiJJMax, ptSumOther_mJJMax
 0.685,0.121,0.313, ptSumOther_dPhiJJMax, mOther_dRJJMax
 0.678,0.113,0.300, ptSumOther_dPhiJJMax, ptSumOther_pOtherMax
 0.702,0.134,0.381, ptSumOther_dPhiJJMax, min_dr_jets
 0.702,0.134,0.381, ptSumOther_dPhiJJMax, dRJJ_dRJJMin
 0.714,0.151,0.425, ptSumOther_dPhiJJMax, numHiggsLike_dijet_15_float
 0.678,0.107,0.286, ptSumOther_dPhiJJMax, ptSumOther_ptLeadOtherMax
 0.676,0.113,0.298, ptSumOther_dPhiJJMax, ptSumOther_ptAsymJJMin
 0.695,0.125,0.381, ptSumOther_dPhiJJMax, higgsLike_dijet_mass
 0.721,0.152,0.445, ptSumOther_dPhiJJMax, dRJJ_ptJJMax
r):   ,Sepa-,Signifi- , ptSumOther_pzJJMax, ptSumOther_pzOtherMin
 0.678,0.111,0.306, ptSumOther_pzJJMax, ptSumOther_sumPtJJMax
 0.678,0.111,0.306, ptSumOther_pzJJMax, ptSumOther_ptSumOtherMin
 0.678,0.111,0.306, ptSumOther_pzJJMax, ptSumOther_ptLeadOtherMin
 0.675,0.110,0.308, ptSumOther_pzJJMax, ptSumOther_sumPtJJMin
 0.675,0.110,0.308, ptSumOther_pzJJMax, ptSumOther_ptSumOtherMax
 0.708,0.145,0.389, ptSumOther_pzJJMax, dEtaJJ_dEtaJJMin
 0.671,0.111,0.306, ptSumOther_pzJJMax, ptSumOther_etaJJMax
 0.675,0.112,0.311, ptSumOther_pzJJMax, ptSumOther_dEtaJJMin
 0.676,0.106,0.300, ptSumOther_pzJJMax, ptSumOther_ptJJMax
 0.710,0.145,0.416, ptSumOther_pzJJMax, higgsLike_dijet_mass2
 0.681,0.112,0.320, ptSumOther_pzJJMax, ptSumOther_etaJJMin
 0.672,0.104,0.307, ptSumOther_pzJJMax, ptSumOther_dPhiJJMin
 0.670,0.101,0.304, ptSumOther_pzJJMax, ptSumOther_dRJJMax
 0.671,0.110,0.302, ptSumOther_pzJJMax, ptSumOther_ptJJMin
 0.675,0.114,0.306, ptSumOther_pzJJMax, ptSumOther_mJJMin
 0.672,0.107,0.298, ptSumOther_pzJJMax, ptSumOther_pJJMax
 0.675,0.107,0.317, ptSumOther_pzJJMax, ptSumOther_pzJJMin
 0.675,0.107,0.317, ptSumOther_pzJJMax, ptSumOther_pzOtherMax
 0.671,0.109,0.307, ptSumOther_pzJJMax, ptSumOther_pJJMin
 0.672,0.111,0.300, ptSumOther_pzJJMax, ptSumOther_mOtherMin
 0.677,0.109,0.309, ptSumOther_pzJJMax, ptSumOther_etaOtherMax
 0.684,0.120,0.326, ptSumOther_pzJJMax, mOther_dEtaJJMax
 0.671,0.113,0.304, ptSumOther_pzJJMax, ptSumOther_ptOtherMin
 0.676,0.112,0.308, ptSumOther_pzJJMax, ptSumOther_dRJJMin
 0.691,0.133,0.352, ptSumOther_pzJJMax, ptLeadOther_sumPtJJMax
 0.691,0.133,0.352, ptSumOther_pzJJMax, ptLeadOther_ptSumOtherMin
 0.691,0.133,0.352, ptSumOther_pzJJMax, ptLeadOther_ptLeadOtherMin
 0.685,0.129,0.330, ptSumOther_pzJJMax, sumPtJJ_ptLeadOtherMax
 0.675,0.105,0.294, ptSumOther_pzJJMax, ptSumOther_mJJMax
 0.684,0.113,0.322, ptSumOther_pzJJMax, mOther_dRJJMax
 0.671,0.109,0.309, ptSumOther_pzJJMax, ptSumOther_pOtherMax
 0.701,0.142,0.388, ptSumOther_pzJJMax, min_dr_jets
 0.701,0.142,0.388, ptSumOther_pzJJMax, dRJJ_dRJJMin
 0.717,0.154,0.439, ptSumOther_pzJJMax, numHiggsLike_dijet_15_float
 0.666,0.114,0.291, ptSumOther_pzJJMax, ptSumOther_ptLeadOtherMax
 0.672,0.106,0.307, ptSumOther_pzJJMax, ptSumOther_ptAsymJJMin
 0.698,0.136,0.395, ptSumOther_pzJJMax, higgsLike_dijet_mass
 0.719,0.154,0.453, ptSumOther_pzJJMax, dRJJ_ptJJMax
 0.678,0.111,0.306, ptSumOther_pzOtherMin, ptSumOther_sumPtJJMax
 0.678,0.111,0.306, ptSumOther_pzOtherMin, ptSumOther_ptSumOtherMin
 0.678,0.111,0.306, ptSumOther_pzOtherMin, ptSumOther_ptLeadOtherMin
 0.675,0.110,0.308, ptSumOther_pzOtherMin, ptSumOther_sumPtJJMin
 0.675,0.110,0.308, ptSumOther_pzOtherMin, ptSumOther_ptSumOtherMax
 0.708,0.145,0.389, ptSumOther_pzOtherMin, dEtaJJ_dEtaJJMin
 0.671,0.111,0.306, ptSumOther_pzOtherMin, ptSumOther_etaJJMax
 0.675,0.112,0.311, ptSumOther_pzOtherMin, ptSumOther_dEtaJJMin
 0.676,0.106,0.300, ptSumOther_pzOtherMin, ptSumOther_ptJJMax
 0.710,0.145,0.416, ptSumOther_pzOtherMin, higgsLike_dijet_mass2
 0.681,0.112,0.320, ptSumOther_pzOtherMin, ptSumOther_etaJJMin
 0.672,0.104,0.307, ptSumOther_pzOtherMin, ptSumOther_dPhiJJMin
 0.670,0.101,0.304, ptSumOther_pzOtherMin, ptSumOther_dRJJMax
 0.671,0.110,0.302, ptSumOther_pzOtherMin, ptSumOther_ptJJMin
 0.675,0.114,0.306, ptSumOther_pzOtherMin, ptSumOther_mJJMin
 0.672,0.107,0.298, ptSumOther_pzOtherMin, ptSumOther_pJJMax
 0.675,0.107,0.317, ptSumOther_pzOtherMin, ptSumOther_pzJJMin
 0.675,0.107,0.317, ptSumOther_pzOtherMin, ptSumOther_pzOtherMax
 0.671,0.109,0.307, ptSumOther_pzOtherMin, ptSumOther_pJJMin
 0.672,0.111,0.300, ptSumOther_pzOtherMin, ptSumOther_mOtherMin
 0.677,0.109,0.309, ptSumOther_pzOtherMin, ptSumOther_etaOtherMax
 0.684,0.120,0.326, ptSumOther_pzOtherMin, mOther_dEtaJJMax
 0.671,0.113,0.304, ptSumOther_pzOtherMin, ptSumOther_ptOtherMin
 0.676,0.112,0.308, ptSumOther_pzOtherMin, ptSumOther_dRJJMin
 0.691,0.133,0.352, ptSumOther_pzOtherMin, ptLeadOther_sumPtJJMax
 0.691,0.133,0.352, ptSumOther_pzOtherMin, ptLeadOther_ptSumOtherMin
 0.691,0.133,0.352, ptSumOther_pzOtherMin, ptLeadOther_ptLeadOtherMin
 0.685,0.129,0.330, ptSumOther_pzOtherMin, sumPtJJ_ptLeadOtherMax
 0.675,0.105,0.294, ptSumOther_pzOtherMin, ptSumOther_mJJMax
 0.684,0.113,0.322, ptSumOther_pzOtherMin, mOther_dRJJMax
 0.671,0.109,0.309, ptSumOther_pzOtherMin, ptSumOther_pOtherMax
 0.701,0.142,0.388, ptSumOther_pzOtherMin, min_dr_jets
 0.701,0.142,0.388, ptSumOther_pzOtherMin, dRJJ_dRJJMin
 0.717,0.154,0.439, ptSumOther_pzOtherMin, numHiggsLike_dijet_15_float
 0.666,0.114,0.291, ptSumOther_pzOtherMin, ptSumOther_ptLeadOtherMax
 0.672,0.106,0.307, ptSumOther_pzOtherMin, ptSumOther_ptAsymJJMin
 0.698,0.136,0.395, ptSumOther_pzOtherMin, higgsLike_dijet_mass
 0.719,0.154,0.453, ptSumOther_pzOtherMin, dRJJ_ptJJMax
r):   ,Sepa-,Signifi- , ptSumOther_sumPtJJMax, ptSumOther_ptSumOtherMin
r):   ,Sepa-,Signifi- , ptSumOther_sumPtJJMax, ptSumOther_ptLeadOtherMin
 0.679,0.114,0.312, ptSumOther_sumPtJJMax, ptSumOther_sumPtJJMin
 0.679,0.114,0.312, ptSumOther_sumPtJJMax, ptSumOther_ptSumOtherMax
 0.708,0.148,0.386, ptSumOther_sumPtJJMax, dEtaJJ_dEtaJJMin
 0.676,0.110,0.311, ptSumOther_sumPtJJMax, ptSumOther_etaJJMax
 0.679,0.112,0.311, ptSumOther_sumPtJJMax, ptSumOther_dEtaJJMin
 0.671,0.107,0.300, ptSumOther_sumPtJJMax, ptSumOther_ptJJMax
 0.707,0.142,0.398, ptSumOther_sumPtJJMax, higgsLike_dijet_mass2
 0.677,0.110,0.306, ptSumOther_sumPtJJMax, ptSumOther_etaJJMin
 0.671,0.102,0.295, ptSumOther_sumPtJJMax, ptSumOther_dPhiJJMin
 0.668,0.097,0.292, ptSumOther_sumPtJJMax, ptSumOther_dRJJMax
 0.675,0.106,0.312, ptSumOther_sumPtJJMax, ptSumOther_ptJJMin
 0.674,0.110,0.306, ptSumOther_sumPtJJMax, ptSumOther_mJJMin
 0.676,0.105,0.302, ptSumOther_sumPtJJMax, ptSumOther_pJJMax
 0.675,0.106,0.298, ptSumOther_sumPtJJMax, ptSumOther_pzJJMin
 0.675,0.106,0.298, ptSumOther_sumPtJJMax, ptSumOther_pzOtherMax
 0.675,0.107,0.312, ptSumOther_sumPtJJMax, ptSumOther_pJJMin
 0.669,0.104,0.302, ptSumOther_sumPtJJMax, ptSumOther_mOtherMin
 0.672,0.098,0.290, ptSumOther_sumPtJJMax, ptSumOther_etaOtherMax
 0.680,0.112,0.314, ptSumOther_sumPtJJMax, mOther_dEtaJJMax
 0.675,0.106,0.307, ptSumOther_sumPtJJMax, ptSumOther_ptOtherMin
 0.671,0.112,0.309, ptSumOther_sumPtJJMax, ptSumOther_dRJJMin
 0.690,0.123,0.337, ptSumOther_sumPtJJMax, ptLeadOther_sumPtJJMax
 0.690,0.123,0.337, ptSumOther_sumPtJJMax, ptLeadOther_ptSumOtherMin
 0.690,0.123,0.337, ptSumOther_sumPtJJMax, ptLeadOther_ptLeadOtherMin
 0.693,0.123,0.332, ptSumOther_sumPtJJMax, sumPtJJ_ptLeadOtherMax
 0.673,0.101,0.293, ptSumOther_sumPtJJMax, ptSumOther_mJJMax
 0.683,0.121,0.320, ptSumOther_sumPtJJMax, mOther_dRJJMax
 0.680,0.107,0.312, ptSumOther_sumPtJJMax, ptSumOther_pOtherMax
 0.699,0.132,0.374, ptSumOther_sumPtJJMax, min_dr_jets
 0.699,0.132,0.374, ptSumOther_sumPtJJMax, dRJJ_dRJJMin
 0.712,0.152,0.424, ptSumOther_sumPtJJMax, numHiggsLike_dijet_15_float
 0.673,0.107,0.295, ptSumOther_sumPtJJMax, ptSumOther_ptLeadOtherMax
 0.674,0.106,0.301, ptSumOther_sumPtJJMax, ptSumOther_ptAsymJJMin
 0.696,0.128,0.384, ptSumOther_sumPtJJMax, higgsLike_dijet_mass
 0.719,0.154,0.448, ptSumOther_sumPtJJMax, dRJJ_ptJJMax
r):   ,Sepa-,Signifi- , ptSumOther_ptSumOtherMin, ptSumOther_ptLeadOtherMin
 0.679,0.114,0.312, ptSumOther_ptSumOtherMin, ptSumOther_sumPtJJMin
 0.679,0.114,0.312, ptSumOther_ptSumOtherMin, ptSumOther_ptSumOtherMax
 0.708,0.148,0.386, ptSumOther_ptSumOtherMin, dEtaJJ_dEtaJJMin
 0.676,0.110,0.311, ptSumOther_ptSumOtherMin, ptSumOther_etaJJMax
 0.679,0.112,0.311, ptSumOther_ptSumOtherMin, ptSumOther_dEtaJJMin
 0.671,0.107,0.300, ptSumOther_ptSumOtherMin, ptSumOther_ptJJMax
 0.707,0.142,0.398, ptSumOther_ptSumOtherMin, higgsLike_dijet_mass2
 0.677,0.110,0.306, ptSumOther_ptSumOtherMin, ptSumOther_etaJJMin
 0.671,0.102,0.295, ptSumOther_ptSumOtherMin, ptSumOther_dPhiJJMin
 0.668,0.097,0.292, ptSumOther_ptSumOtherMin, ptSumOther_dRJJMax
 0.675,0.106,0.312, ptSumOther_ptSumOtherMin, ptSumOther_ptJJMin
 0.674,0.110,0.306, ptSumOther_ptSumOtherMin, ptSumOther_mJJMin
 0.676,0.105,0.302, ptSumOther_ptSumOtherMin, ptSumOther_pJJMax
 0.675,0.106,0.298, ptSumOther_ptSumOtherMin, ptSumOther_pzJJMin
 0.675,0.106,0.298, ptSumOther_ptSumOtherMin, ptSumOther_pzOtherMax
 0.675,0.107,0.312, ptSumOther_ptSumOtherMin, ptSumOther_pJJMin
 0.669,0.104,0.302, ptSumOther_ptSumOtherMin, ptSumOther_mOtherMin
 0.672,0.098,0.290, ptSumOther_ptSumOtherMin, ptSumOther_etaOtherMax
 0.680,0.112,0.314, ptSumOther_ptSumOtherMin, mOther_dEtaJJMax
 0.675,0.106,0.307, ptSumOther_ptSumOtherMin, ptSumOther_ptOtherMin
 0.671,0.112,0.309, ptSumOther_ptSumOtherMin, ptSumOther_dRJJMin
 0.690,0.123,0.337, ptSumOther_ptSumOtherMin, ptLeadOther_sumPtJJMax
 0.690,0.123,0.337, ptSumOther_ptSumOtherMin, ptLeadOther_ptSumOtherMin
 0.690,0.123,0.337, ptSumOther_ptSumOtherMin, ptLeadOther_ptLeadOtherMin
 0.693,0.123,0.332, ptSumOther_ptSumOtherMin, sumPtJJ_ptLeadOtherMax
 0.673,0.101,0.293, ptSumOther_ptSumOtherMin, ptSumOther_mJJMax
 0.683,0.121,0.320, ptSumOther_ptSumOtherMin, mOther_dRJJMax
 0.680,0.107,0.312, ptSumOther_ptSumOtherMin, ptSumOther_pOtherMax
 0.699,0.132,0.374, ptSumOther_ptSumOtherMin, min_dr_jets
 0.699,0.132,0.374, ptSumOther_ptSumOtherMin, dRJJ_dRJJMin
 0.712,0.152,0.424, ptSumOther_ptSumOtherMin, numHiggsLike_dijet_15_float
 0.673,0.107,0.295, ptSumOther_ptSumOtherMin, ptSumOther_ptLeadOtherMax
 0.674,0.106,0.301, ptSumOther_ptSumOtherMin, ptSumOther_ptAsymJJMin
 0.696,0.128,0.384, ptSumOther_ptSumOtherMin, higgsLike_dijet_mass
 0.719,0.154,0.448, ptSumOther_ptSumOtherMin, dRJJ_ptJJMax
 0.679,0.114,0.312, ptSumOther_ptLeadOtherMin, ptSumOther_sumPtJJMin
 0.679,0.114,0.312, ptSumOther_ptLeadOtherMin, ptSumOther_ptSumOtherMax
 0.708,0.148,0.386, ptSumOther_ptLeadOtherMin, dEtaJJ_dEtaJJMin
 0.676,0.110,0.311, ptSumOther_ptLeadOtherMin, ptSumOther_etaJJMax
 0.679,0.112,0.311, ptSumOther_ptLeadOtherMin, ptSumOther_dEtaJJMin
 0.671,0.107,0.300, ptSumOther_ptLeadOtherMin, ptSumOther_ptJJMax
 0.707,0.142,0.398, ptSumOther_ptLeadOtherMin, higgsLike_dijet_mass2
 0.677,0.110,0.306, ptSumOther_ptLeadOtherMin, ptSumOther_etaJJMin
 0.671,0.102,0.295, ptSumOther_ptLeadOtherMin, ptSumOther_dPhiJJMin
 0.668,0.097,0.292, ptSumOther_ptLeadOtherMin, ptSumOther_dRJJMax
 0.675,0.106,0.312, ptSumOther_ptLeadOtherMin, ptSumOther_ptJJMin
 0.674,0.110,0.306, ptSumOther_ptLeadOtherMin, ptSumOther_mJJMin
 0.676,0.105,0.302, ptSumOther_ptLeadOtherMin, ptSumOther_pJJMax
 0.675,0.106,0.298, ptSumOther_ptLeadOtherMin, ptSumOther_pzJJMin
 0.675,0.106,0.298, ptSumOther_ptLeadOtherMin, ptSumOther_pzOtherMax
 0.675,0.107,0.312, ptSumOther_ptLeadOtherMin, ptSumOther_pJJMin
 0.669,0.104,0.302, ptSumOther_ptLeadOtherMin, ptSumOther_mOtherMin
 0.672,0.098,0.290, ptSumOther_ptLeadOtherMin, ptSumOther_etaOtherMax
 0.680,0.112,0.314, ptSumOther_ptLeadOtherMin, mOther_dEtaJJMax
 0.675,0.106,0.307, ptSumOther_ptLeadOtherMin, ptSumOther_ptOtherMin
 0.671,0.112,0.309, ptSumOther_ptLeadOtherMin, ptSumOther_dRJJMin
 0.690,0.123,0.337, ptSumOther_ptLeadOtherMin, ptLeadOther_sumPtJJMax
 0.690,0.123,0.337, ptSumOther_ptLeadOtherMin, ptLeadOther_ptSumOtherMin
 0.690,0.123,0.337, ptSumOther_ptLeadOtherMin, ptLeadOther_ptLeadOtherMin
 0.693,0.123,0.332, ptSumOther_ptLeadOtherMin, sumPtJJ_ptLeadOtherMax
 0.673,0.101,0.293, ptSumOther_ptLeadOtherMin, ptSumOther_mJJMax
 0.683,0.121,0.320, ptSumOther_ptLeadOtherMin, mOther_dRJJMax
 0.680,0.107,0.312, ptSumOther_ptLeadOtherMin, ptSumOther_pOtherMax
 0.699,0.132,0.374, ptSumOther_ptLeadOtherMin, min_dr_jets
 0.699,0.132,0.374, ptSumOther_ptLeadOtherMin, dRJJ_dRJJMin
 0.712,0.152,0.424, ptSumOther_ptLeadOtherMin, numHiggsLike_dijet_15_float
 0.673,0.107,0.295, ptSumOther_ptLeadOtherMin, ptSumOther_ptLeadOtherMax
 0.674,0.106,0.301, ptSumOther_ptLeadOtherMin, ptSumOther_ptAsymJJMin
 0.696,0.128,0.384, ptSumOther_ptLeadOtherMin, higgsLike_dijet_mass
 0.719,0.154,0.448, ptSumOther_ptLeadOtherMin, dRJJ_ptJJMax
r):   ,Sepa-,Signifi- , ptSumOther_sumPtJJMin, ptSumOther_ptSumOtherMax
 0.705,0.146,0.396, ptSumOther_sumPtJJMin, dEtaJJ_dEtaJJMin
 0.677,0.116,0.315, ptSumOther_sumPtJJMin, ptSumOther_etaJJMax
 0.672,0.108,0.316, ptSumOther_sumPtJJMin, ptSumOther_dEtaJJMin
 0.685,0.119,0.322, ptSumOther_sumPtJJMin, ptSumOther_ptJJMax
 0.712,0.148,0.421, ptSumOther_sumPtJJMin, higgsLike_dijet_mass2
 0.676,0.110,0.317, ptSumOther_sumPtJJMin, ptSumOther_etaJJMin
 0.671,0.101,0.305, ptSumOther_sumPtJJMin, ptSumOther_dPhiJJMin
 0.668,0.106,0.309, ptSumOther_sumPtJJMin, ptSumOther_dRJJMax
 0.670,0.108,0.316, ptSumOther_sumPtJJMin, ptSumOther_ptJJMin
 0.673,0.109,0.312, ptSumOther_sumPtJJMin, ptSumOther_mJJMin
 0.677,0.110,0.312, ptSumOther_sumPtJJMin, ptSumOther_pJJMax
 0.670,0.105,0.304, ptSumOther_sumPtJJMin, ptSumOther_pzJJMin
 0.670,0.105,0.304, ptSumOther_sumPtJJMin, ptSumOther_pzOtherMax
 0.673,0.111,0.318, ptSumOther_sumPtJJMin, ptSumOther_pJJMin
 0.679,0.115,0.314, ptSumOther_sumPtJJMin, ptSumOther_mOtherMin
 0.667,0.106,0.306, ptSumOther_sumPtJJMin, ptSumOther_etaOtherMax
 0.691,0.121,0.338, ptSumOther_sumPtJJMin, mOther_dEtaJJMax
 0.672,0.105,0.312, ptSumOther_sumPtJJMin, ptSumOther_ptOtherMin
 0.673,0.108,0.310, ptSumOther_sumPtJJMin, ptSumOther_dRJJMin
 0.694,0.132,0.362, ptSumOther_sumPtJJMin, ptLeadOther_sumPtJJMax
 0.694,0.132,0.362, ptSumOther_sumPtJJMin, ptLeadOther_ptSumOtherMin
 0.694,0.132,0.362, ptSumOther_sumPtJJMin, ptLeadOther_ptLeadOtherMin
 0.684,0.123,0.332, ptSumOther_sumPtJJMin, sumPtJJ_ptLeadOtherMax
 0.679,0.117,0.301, ptSumOther_sumPtJJMin, ptSumOther_mJJMax
 0.690,0.125,0.336, ptSumOther_sumPtJJMin, mOther_dRJJMax
 0.673,0.111,0.311, ptSumOther_sumPtJJMin, ptSumOther_pOtherMax
 0.699,0.134,0.391, ptSumOther_sumPtJJMin, min_dr_jets
 0.699,0.134,0.391, ptSumOther_sumPtJJMin, dRJJ_dRJJMin
 0.717,0.152,0.441, ptSumOther_sumPtJJMin, numHiggsLike_dijet_15_float
 0.676,0.119,0.310, ptSumOther_sumPtJJMin, ptSumOther_ptLeadOtherMax
 0.671,0.111,0.317, ptSumOther_sumPtJJMin, ptSumOther_ptAsymJJMin
 0.699,0.131,0.403, ptSumOther_sumPtJJMin, higgsLike_dijet_mass
 0.725,0.161,0.467, ptSumOther_sumPtJJMin, dRJJ_ptJJMax
 0.705,0.146,0.396, ptSumOther_ptSumOtherMax, dEtaJJ_dEtaJJMin
 0.677,0.116,0.315, ptSumOther_ptSumOtherMax, ptSumOther_etaJJMax
 0.672,0.108,0.316, ptSumOther_ptSumOtherMax, ptSumOther_dEtaJJMin
 0.685,0.119,0.322, ptSumOther_ptSumOtherMax, ptSumOther_ptJJMax
 0.712,0.148,0.421, ptSumOther_ptSumOtherMax, higgsLike_dijet_mass2
 0.676,0.110,0.317, ptSumOther_ptSumOtherMax, ptSumOther_etaJJMin
 0.671,0.101,0.305, ptSumOther_ptSumOtherMax, ptSumOther_dPhiJJMin
 0.668,0.106,0.309, ptSumOther_ptSumOtherMax, ptSumOther_dRJJMax
 0.670,0.108,0.316, ptSumOther_ptSumOtherMax, ptSumOther_ptJJMin
 0.673,0.109,0.312, ptSumOther_ptSumOtherMax, ptSumOther_mJJMin
 0.677,0.110,0.312, ptSumOther_ptSumOtherMax, ptSumOther_pJJMax
 0.670,0.105,0.304, ptSumOther_ptSumOtherMax, ptSumOther_pzJJMin
 0.670,0.105,0.304, ptSumOther_ptSumOtherMax, ptSumOther_pzOtherMax
 0.673,0.111,0.318, ptSumOther_ptSumOtherMax, ptSumOther_pJJMin
 0.679,0.115,0.314, ptSumOther_ptSumOtherMax, ptSumOther_mOtherMin
 0.667,0.106,0.306, ptSumOther_ptSumOtherMax, ptSumOther_etaOtherMax
 0.691,0.121,0.338, ptSumOther_ptSumOtherMax, mOther_dEtaJJMax
 0.672,0.105,0.312, ptSumOther_ptSumOtherMax, ptSumOther_ptOtherMin
 0.673,0.108,0.310, ptSumOther_ptSumOtherMax, ptSumOther_dRJJMin
 0.694,0.132,0.362, ptSumOther_ptSumOtherMax, ptLeadOther_sumPtJJMax
 0.694,0.132,0.362, ptSumOther_ptSumOtherMax, ptLeadOther_ptSumOtherMin
 0.694,0.132,0.362, ptSumOther_ptSumOtherMax, ptLeadOther_ptLeadOtherMin
 0.684,0.123,0.332, ptSumOther_ptSumOtherMax, sumPtJJ_ptLeadOtherMax
 0.679,0.117,0.301, ptSumOther_ptSumOtherMax, ptSumOther_mJJMax
 0.690,0.125,0.336, ptSumOther_ptSumOtherMax, mOther_dRJJMax
 0.673,0.111,0.311, ptSumOther_ptSumOtherMax, ptSumOther_pOtherMax
 0.699,0.134,0.391, ptSumOther_ptSumOtherMax, min_dr_jets
 0.699,0.134,0.391, ptSumOther_ptSumOtherMax, dRJJ_dRJJMin
 0.717,0.152,0.441, ptSumOther_ptSumOtherMax, numHiggsLike_dijet_15_float
 0.676,0.119,0.310, ptSumOther_ptSumOtherMax, ptSumOther_ptLeadOtherMax
 0.671,0.111,0.317, ptSumOther_ptSumOtherMax, ptSumOther_ptAsymJJMin
 0.699,0.131,0.403, ptSumOther_ptSumOtherMax, higgsLike_dijet_mass
 0.725,0.161,0.467, ptSumOther_ptSumOtherMax, dRJJ_ptJJMax
 0.709,0.143,0.397, dEtaJJ_dEtaJJMin, ptSumOther_etaJJMax
 0.706,0.144,0.400, dEtaJJ_dEtaJJMin, ptSumOther_dEtaJJMin
 0.714,0.147,0.392, dEtaJJ_dEtaJJMin, ptSumOther_ptJJMax
 0.684,0.122,0.404, dEtaJJ_dEtaJJMin, higgsLike_dijet_mass2
 0.703,0.140,0.390, dEtaJJ_dEtaJJMin, ptSumOther_etaJJMin
 0.703,0.141,0.388, dEtaJJ_dEtaJJMin, ptSumOther_dPhiJJMin
 0.695,0.132,0.382, dEtaJJ_dEtaJJMin, ptSumOther_dRJJMax
 0.695,0.134,0.384, dEtaJJ_dEtaJJMin, ptSumOther_ptJJMin
 0.709,0.147,0.393, dEtaJJ_dEtaJJMin, ptSumOther_mJJMin
 0.708,0.145,0.393, dEtaJJ_dEtaJJMin, ptSumOther_pJJMax
 0.702,0.141,0.389, dEtaJJ_dEtaJJMin, ptSumOther_pzJJMin
 0.702,0.141,0.389, dEtaJJ_dEtaJJMin, ptSumOther_pzOtherMax
 0.698,0.136,0.390, dEtaJJ_dEtaJJMin, ptSumOther_pJJMin
 0.708,0.146,0.385, dEtaJJ_dEtaJJMin, ptSumOther_mOtherMin
 0.699,0.136,0.376, dEtaJJ_dEtaJJMin, ptSumOther_etaOtherMax
 0.696,0.139,0.382, dEtaJJ_dEtaJJMin, mOther_dEtaJJMax
 0.695,0.135,0.380, dEtaJJ_dEtaJJMin, ptSumOther_ptOtherMin
 0.701,0.133,0.383, dEtaJJ_dEtaJJMin, ptSumOther_dRJJMin
 0.710,0.152,0.403, dEtaJJ_dEtaJJMin, ptLeadOther_sumPtJJMax
 0.710,0.152,0.403, dEtaJJ_dEtaJJMin, ptLeadOther_ptSumOtherMin
 0.710,0.152,0.403, dEtaJJ_dEtaJJMin, ptLeadOther_ptLeadOtherMin
 0.704,0.142,0.395, dEtaJJ_dEtaJJMin, sumPtJJ_ptLeadOtherMax
 0.707,0.143,0.385, dEtaJJ_dEtaJJMin, ptSumOther_mJJMax
 0.689,0.125,0.370, dEtaJJ_dEtaJJMin, mOther_dRJJMax
 0.704,0.144,0.391, dEtaJJ_dEtaJJMin, ptSumOther_pOtherMax
 0.671,0.113,0.374, dEtaJJ_dEtaJJMin, min_dr_jets
 0.671,0.113,0.374, dEtaJJ_dEtaJJMin, dRJJ_dRJJMin
 0.699,0.137,0.425, dEtaJJ_dEtaJJMin, numHiggsLike_dijet_15_float
 0.698,0.130,0.382, dEtaJJ_dEtaJJMin, ptSumOther_ptLeadOtherMax
 0.691,0.130,0.378, dEtaJJ_dEtaJJMin, ptSumOther_ptAsymJJMin
 0.657,0.117,0.389, dEtaJJ_dEtaJJMin, higgsLike_dijet_mass
 0.693,0.134,0.428, dEtaJJ_dEtaJJMin, dRJJ_ptJJMax
 0.676,0.109,0.318, ptSumOther_etaJJMax, ptSumOther_dEtaJJMin
 0.681,0.117,0.319, ptSumOther_etaJJMax, ptSumOther_ptJJMax
 0.710,0.139,0.414, ptSumOther_etaJJMax, higgsLike_dijet_mass2
 0.684,0.116,0.331, ptSumOther_etaJJMax, ptSumOther_etaJJMin
 0.674,0.103,0.306, ptSumOther_etaJJMax, ptSumOther_dPhiJJMin
 0.672,0.102,0.305, ptSumOther_etaJJMax, ptSumOther_dRJJMax
 0.671,0.109,0.311, ptSumOther_etaJJMax, ptSumOther_ptJJMin
 0.677,0.115,0.315, ptSumOther_etaJJMax, ptSumOther_mJJMin
 0.676,0.112,0.312, ptSumOther_etaJJMax, ptSumOther_pJJMax
 0.677,0.110,0.323, ptSumOther_etaJJMax, ptSumOther_pzJJMin
 0.677,0.110,0.323, ptSumOther_etaJJMax, ptSumOther_pzOtherMax
 0.670,0.111,0.313, ptSumOther_etaJJMax, ptSumOther_pJJMin
 0.674,0.111,0.302, ptSumOther_etaJJMax, ptSumOther_mOtherMin
 0.676,0.105,0.313, ptSumOther_etaJJMax, ptSumOther_etaOtherMax
 0.681,0.118,0.322, ptSumOther_etaJJMax, mOther_dEtaJJMax
 0.673,0.106,0.314, ptSumOther_etaJJMax, ptSumOther_ptOtherMin
 0.676,0.109,0.309, ptSumOther_etaJJMax, ptSumOther_dRJJMin
 0.690,0.129,0.356, ptSumOther_etaJJMax, ptLeadOther_sumPtJJMax
 0.690,0.129,0.356, ptSumOther_etaJJMax, ptLeadOther_ptSumOtherMin
 0.690,0.129,0.356, ptSumOther_etaJJMax, ptLeadOther_ptLeadOtherMin
 0.691,0.129,0.345, ptSumOther_etaJJMax, sumPtJJ_ptLeadOtherMax
 0.674,0.104,0.294, ptSumOther_etaJJMax, ptSumOther_mJJMax
 0.682,0.118,0.321, ptSumOther_etaJJMax, mOther_dRJJMax
 0.675,0.106,0.315, ptSumOther_etaJJMax, ptSumOther_pOtherMax
 0.701,0.134,0.391, ptSumOther_etaJJMax, min_dr_jets
 0.701,0.134,0.391, ptSumOther_etaJJMax, dRJJ_dRJJMin
 0.715,0.150,0.436, ptSumOther_etaJJMax, numHiggsLike_dijet_15_float
 0.671,0.109,0.304, ptSumOther_etaJJMax, ptSumOther_ptLeadOtherMax
 0.667,0.110,0.312, ptSumOther_etaJJMax, ptSumOther_ptAsymJJMin
 0.696,0.131,0.395, ptSumOther_etaJJMax, higgsLike_dijet_mass
 0.718,0.149,0.453, ptSumOther_etaJJMax, dRJJ_ptJJMax
 0.683,0.119,0.323, ptSumOther_dEtaJJMin, ptSumOther_ptJJMax
 0.708,0.142,0.409, ptSumOther_dEtaJJMin, higgsLike_dijet_mass2
 0.677,0.118,0.317, ptSumOther_dEtaJJMin, ptSumOther_etaJJMin
 0.674,0.109,0.313, ptSumOther_dEtaJJMin, ptSumOther_dPhiJJMin
 0.676,0.118,0.314, ptSumOther_dEtaJJMin, ptSumOther_dRJJMax
 0.671,0.109,0.316, ptSumOther_dEtaJJMin, ptSumOther_ptJJMin
 0.671,0.107,0.310, ptSumOther_dEtaJJMin, ptSumOther_mJJMin
 0.674,0.108,0.312, ptSumOther_dEtaJJMin, ptSumOther_pJJMax
 0.667,0.102,0.308, ptSumOther_dEtaJJMin, ptSumOther_pzJJMin
 0.667,0.102,0.308, ptSumOther_dEtaJJMin, ptSumOther_pzOtherMax
 0.670,0.106,0.318, ptSumOther_dEtaJJMin, ptSumOther_pJJMin
 0.677,0.111,0.311, ptSumOther_dEtaJJMin, ptSumOther_mOtherMin
 0.672,0.102,0.305, ptSumOther_dEtaJJMin, ptSumOther_etaOtherMax
 0.684,0.111,0.327, ptSumOther_dEtaJJMin, mOther_dEtaJJMax
 0.668,0.108,0.312, ptSumOther_dEtaJJMin, ptSumOther_ptOtherMin
 0.671,0.104,0.309, ptSumOther_dEtaJJMin, ptSumOther_dRJJMin
 0.691,0.133,0.357, ptSumOther_dEtaJJMin, ptLeadOther_sumPtJJMax
 0.691,0.133,0.357, ptSumOther_dEtaJJMin, ptLeadOther_ptSumOtherMin
 0.691,0.133,0.357, ptSumOther_dEtaJJMin, ptLeadOther_ptLeadOtherMin
 0.690,0.129,0.342, ptSumOther_dEtaJJMin, sumPtJJ_ptLeadOtherMax
 0.677,0.109,0.303, ptSumOther_dEtaJJMin, ptSumOther_mJJMax
 0.682,0.112,0.326, ptSumOther_dEtaJJMin, mOther_dRJJMax
 0.670,0.109,0.310, ptSumOther_dEtaJJMin, ptSumOther_pOtherMax
 0.696,0.127,0.381, ptSumOther_dEtaJJMin, min_dr_jets
 0.696,0.127,0.381, ptSumOther_dEtaJJMin, dRJJ_dRJJMin
 0.716,0.155,0.438, ptSumOther_dEtaJJMin, numHiggsLike_dijet_15_float
 0.664,0.105,0.299, ptSumOther_dEtaJJMin, ptSumOther_ptLeadOtherMax
 0.665,0.105,0.313, ptSumOther_dEtaJJMin, ptSumOther_ptAsymJJMin
 0.697,0.130,0.397, ptSumOther_dEtaJJMin, higgsLike_dijet_mass
 0.723,0.162,0.460, ptSumOther_dEtaJJMin, dRJJ_ptJJMax
 0.714,0.149,0.414, ptSumOther_ptJJMax, higgsLike_dijet_mass2
 0.676,0.107,0.306, ptSumOther_ptJJMax, ptSumOther_etaJJMin
 0.675,0.104,0.304, ptSumOther_ptJJMax, ptSumOther_dPhiJJMin
 0.674,0.105,0.302, ptSumOther_ptJJMax, ptSumOther_dRJJMax
 0.681,0.111,0.318, ptSumOther_ptJJMax, ptSumOther_ptJJMin
 0.679,0.121,0.309, ptSumOther_ptJJMax, ptSumOther_mJJMin
 0.681,0.112,0.311, ptSumOther_ptJJMax, ptSumOther_pJJMax
 0.676,0.102,0.305, ptSumOther_ptJJMax, ptSumOther_pzJJMin
 0.676,0.102,0.305, ptSumOther_ptJJMax, ptSumOther_pzOtherMax
 0.681,0.113,0.321, ptSumOther_ptJJMax, ptSumOther_pJJMin
 0.675,0.105,0.298, ptSumOther_ptJJMax, ptSumOther_mOtherMin
 0.676,0.107,0.305, ptSumOther_ptJJMax, ptSumOther_etaOtherMax
 0.684,0.116,0.312, ptSumOther_ptJJMax, mOther_dEtaJJMax
 0.678,0.110,0.316, ptSumOther_ptJJMax, ptSumOther_ptOtherMin
 0.683,0.112,0.309, ptSumOther_ptJJMax, ptSumOther_dRJJMin
 0.694,0.126,0.343, ptSumOther_ptJJMax, ptLeadOther_sumPtJJMax
 0.694,0.126,0.343, ptSumOther_ptJJMax, ptLeadOther_ptSumOtherMin
 0.694,0.126,0.343, ptSumOther_ptJJMax, ptLeadOther_ptLeadOtherMin
 0.687,0.119,0.317, ptSumOther_ptJJMax, sumPtJJ_ptLeadOtherMax
 0.676,0.102,0.291, ptSumOther_ptJJMax, ptSumOther_mJJMax
 0.686,0.109,0.321, ptSumOther_ptJJMax, mOther_dRJJMax
 0.683,0.117,0.314, ptSumOther_ptJJMax, ptSumOther_pOtherMax
 0.702,0.134,0.386, ptSumOther_ptJJMax, min_dr_jets
 0.702,0.134,0.386, ptSumOther_ptJJMax, dRJJ_dRJJMin
 0.724,0.162,0.445, ptSumOther_ptJJMax, numHiggsLike_dijet_15_float
 0.678,0.109,0.293, ptSumOther_ptJJMax, ptSumOther_ptLeadOtherMax
 0.677,0.109,0.308, ptSumOther_ptJJMax, ptSumOther_ptAsymJJMin
 0.709,0.144,0.403, ptSumOther_ptJJMax, higgsLike_dijet_mass
 0.720,0.156,0.446, ptSumOther_ptJJMax, dRJJ_ptJJMax
 0.705,0.134,0.412, higgsLike_dijet_mass2, ptSumOther_etaJJMin
 0.703,0.132,0.401, higgsLike_dijet_mass2, ptSumOther_dPhiJJMin
 0.697,0.126,0.393, higgsLike_dijet_mass2, ptSumOther_dRJJMax
 0.695,0.127,0.397, higgsLike_dijet_mass2, ptSumOther_ptJJMin
 0.711,0.148,0.410, higgsLike_dijet_mass2, ptSumOther_mJJMin
 0.708,0.142,0.407, higgsLike_dijet_mass2, ptSumOther_pJJMax
 0.701,0.137,0.406, higgsLike_dijet_mass2, ptSumOther_pzJJMin
 0.701,0.137,0.406, higgsLike_dijet_mass2, ptSumOther_pzOtherMax
 0.703,0.134,0.409, higgsLike_dijet_mass2, ptSumOther_pJJMin
 0.704,0.137,0.394, higgsLike_dijet_mass2, ptSumOther_mOtherMin
 0.696,0.128,0.394, higgsLike_dijet_mass2, ptSumOther_etaOtherMax
 0.695,0.127,0.389, higgsLike_dijet_mass2, mOther_dEtaJJMax
 0.698,0.125,0.396, higgsLike_dijet_mass2, ptSumOther_ptOtherMin
 0.704,0.137,0.412, higgsLike_dijet_mass2, ptSumOther_dRJJMin
 0.717,0.148,0.439, higgsLike_dijet_mass2, ptLeadOther_sumPtJJMax
 0.717,0.148,0.439, higgsLike_dijet_mass2, ptLeadOther_ptSumOtherMin
 0.717,0.148,0.439, higgsLike_dijet_mass2, ptLeadOther_ptLeadOtherMin
 0.728,0.169,0.458, higgsLike_dijet_mass2, sumPtJJ_ptLeadOtherMax
 0.700,0.133,0.389, higgsLike_dijet_mass2, ptSumOther_mJJMax
 0.684,0.117,0.371, higgsLike_dijet_mass2, mOther_dRJJMax
 0.706,0.140,0.407, higgsLike_dijet_mass2, ptSumOther_pOtherMax
 0.681,0.124,0.404, higgsLike_dijet_mass2, min_dr_jets
 0.681,0.124,0.404, higgsLike_dijet_mass2, dRJJ_dRJJMin
 0.665,0.090,0.366, higgsLike_dijet_mass2, numHiggsLike_dijet_15_float
 0.705,0.137,0.414, higgsLike_dijet_mass2, ptSumOther_ptLeadOtherMax
 0.692,0.122,0.395, higgsLike_dijet_mass2, ptSumOther_ptAsymJJMin
 0.637,0.078,0.338, higgsLike_dijet_mass2, higgsLike_dijet_mass
 0.686,0.116,0.435, higgsLike_dijet_mass2, dRJJ_ptJJMax
 0.673,0.106,0.308, ptSumOther_etaJJMin, ptSumOther_dPhiJJMin
 0.667,0.102,0.303, ptSumOther_etaJJMin, ptSumOther_dRJJMax
 0.670,0.103,0.315, ptSumOther_etaJJMin, ptSumOther_ptJJMin
 0.672,0.106,0.310, ptSumOther_etaJJMin, ptSumOther_mJJMin
 0.679,0.110,0.316, ptSumOther_etaJJMin, ptSumOther_pJJMax
 0.662,0.103,0.298, ptSumOther_etaJJMin, ptSumOther_pzJJMin
 0.662,0.103,0.298, ptSumOther_etaJJMin, ptSumOther_pzOtherMax
 0.670,0.112,0.316, ptSumOther_etaJJMin, ptSumOther_pJJMin
 0.676,0.109,0.307, ptSumOther_etaJJMin, ptSumOther_mOtherMin
 0.666,0.101,0.303, ptSumOther_etaJJMin, ptSumOther_etaOtherMax
 0.677,0.115,0.322, ptSumOther_etaJJMin, mOther_dEtaJJMax
 0.671,0.100,0.316, ptSumOther_etaJJMin, ptSumOther_ptOtherMin
 0.667,0.107,0.310, ptSumOther_etaJJMin, ptSumOther_dRJJMin
 0.694,0.129,0.359, ptSumOther_etaJJMin, ptLeadOther_sumPtJJMax
 0.694,0.129,0.359, ptSumOther_etaJJMin, ptLeadOther_ptSumOtherMin
 0.694,0.129,0.359, ptSumOther_etaJJMin, ptLeadOther_ptLeadOtherMin
 0.687,0.121,0.341, ptSumOther_etaJJMin, sumPtJJ_ptLeadOtherMax
 0.674,0.104,0.301, ptSumOther_etaJJMin, ptSumOther_mJJMax
 0.680,0.116,0.326, ptSumOther_etaJJMin, mOther_dRJJMax
 0.672,0.110,0.308, ptSumOther_etaJJMin, ptSumOther_pOtherMax
 0.692,0.122,0.385, ptSumOther_etaJJMin, min_dr_jets
 0.692,0.122,0.385, ptSumOther_etaJJMin, dRJJ_dRJJMin
 0.713,0.147,0.437, ptSumOther_etaJJMin, numHiggsLike_dijet_15_float
 0.666,0.097,0.299, ptSumOther_etaJJMin, ptSumOther_ptLeadOtherMax
 0.668,0.104,0.311, ptSumOther_etaJJMin, ptSumOther_ptAsymJJMin
 0.692,0.121,0.393, ptSumOther_etaJJMin, higgsLike_dijet_mass
 0.718,0.152,0.453, ptSumOther_etaJJMin, dRJJ_ptJJMax
 0.663,0.094,0.288, ptSumOther_dPhiJJMin, ptSumOther_dRJJMax
 0.665,0.094,0.302, ptSumOther_dPhiJJMin, ptSumOther_ptJJMin
 0.666,0.098,0.299, ptSumOther_dPhiJJMin, ptSumOther_mJJMin
 0.671,0.108,0.301, ptSumOther_dPhiJJMin, ptSumOther_pJJMax
 0.669,0.101,0.302, ptSumOther_dPhiJJMin, ptSumOther_pzJJMin
 0.669,0.101,0.302, ptSumOther_dPhiJJMin, ptSumOther_pzOtherMax
 0.664,0.095,0.301, ptSumOther_dPhiJJMin, ptSumOther_pJJMin
 0.667,0.099,0.296, ptSumOther_dPhiJJMin, ptSumOther_mOtherMin
 0.665,0.097,0.290, ptSumOther_dPhiJJMin, ptSumOther_etaOtherMax
 0.674,0.109,0.309, ptSumOther_dPhiJJMin, mOther_dEtaJJMax
 0.664,0.095,0.296, ptSumOther_dPhiJJMin, ptSumOther_ptOtherMin
 0.665,0.101,0.305, ptSumOther_dPhiJJMin, ptSumOther_dRJJMin
 0.692,0.124,0.349, ptSumOther_dPhiJJMin, ptLeadOther_sumPtJJMax
 0.692,0.124,0.349, ptSumOther_dPhiJJMin, ptLeadOther_ptSumOtherMin
 0.692,0.124,0.349, ptSumOther_dPhiJJMin, ptLeadOther_ptLeadOtherMin
 0.686,0.117,0.332, ptSumOther_dPhiJJMin, sumPtJJ_ptLeadOtherMax
 0.668,0.095,0.291, ptSumOther_dPhiJJMin, ptSumOther_mJJMax
 0.676,0.106,0.317, ptSumOther_dPhiJJMin, mOther_dRJJMax
 0.670,0.100,0.303, ptSumOther_dPhiJJMin, ptSumOther_pOtherMax
 0.698,0.131,0.382, ptSumOther_dPhiJJMin, min_dr_jets
 0.698,0.131,0.382, ptSumOther_dPhiJJMin, dRJJ_dRJJMin
 0.710,0.141,0.421, ptSumOther_dPhiJJMin, numHiggsLike_dijet_15_float
 0.657,0.099,0.286, ptSumOther_dPhiJJMin, ptSumOther_ptLeadOtherMax
 0.660,0.093,0.295, ptSumOther_dPhiJJMin, ptSumOther_ptAsymJJMin
 0.692,0.120,0.382, ptSumOther_dPhiJJMin, higgsLike_dijet_mass
 0.717,0.149,0.447, ptSumOther_dPhiJJMin, dRJJ_ptJJMax
 0.661,0.095,0.298, ptSumOther_dRJJMax, ptSumOther_ptJJMin
 0.666,0.097,0.301, ptSumOther_dRJJMax, ptSumOther_mJJMin
 0.668,0.103,0.302, ptSumOther_dRJJMax, ptSumOther_pJJMax
 0.660,0.096,0.298, ptSumOther_dRJJMax, ptSumOther_pzJJMin
 0.660,0.096,0.298, ptSumOther_dRJJMax, ptSumOther_pzOtherMax
 0.663,0.099,0.305, ptSumOther_dRJJMax, ptSumOther_pJJMin
 0.663,0.097,0.284, ptSumOther_dRJJMax, ptSumOther_mOtherMin
 0.663,0.102,0.290, ptSumOther_dRJJMax, ptSumOther_etaOtherMax
 0.665,0.099,0.297, ptSumOther_dRJJMax, mOther_dEtaJJMax
 0.661,0.097,0.296, ptSumOther_dRJJMax, ptSumOther_ptOtherMin
 0.668,0.100,0.305, ptSumOther_dRJJMax, ptSumOther_dRJJMin
 0.683,0.116,0.339, ptSumOther_dRJJMax, ptLeadOther_sumPtJJMax
 0.683,0.116,0.339, ptSumOther_dRJJMax, ptLeadOther_ptSumOtherMin
 0.683,0.116,0.339, ptSumOther_dRJJMax, ptLeadOther_ptLeadOtherMin
 0.681,0.120,0.329, ptSumOther_dRJJMax, sumPtJJ_ptLeadOtherMax
 0.664,0.091,0.278, ptSumOther_dRJJMax, ptSumOther_mJJMax
 0.670,0.108,0.316, ptSumOther_dRJJMax, mOther_dRJJMax
 0.669,0.103,0.304, ptSumOther_dRJJMax, ptSumOther_pOtherMax
 0.693,0.125,0.379, ptSumOther_dRJJMax, min_dr_jets
 0.693,0.125,0.379, ptSumOther_dRJJMax, dRJJ_dRJJMin
 0.705,0.137,0.418, ptSumOther_dRJJMax, numHiggsLike_dijet_15_float
 0.662,0.105,0.288, ptSumOther_dRJJMax, ptSumOther_ptLeadOtherMax
 0.662,0.099,0.294, ptSumOther_dRJJMax, ptSumOther_ptAsymJJMin
 0.686,0.116,0.381, ptSumOther_dRJJMax, higgsLike_dijet_mass
 0.711,0.141,0.440, ptSumOther_dRJJMax, dRJJ_ptJJMax
 0.669,0.108,0.309, ptSumOther_ptJJMin, ptSumOther_mJJMin
 0.673,0.104,0.312, ptSumOther_ptJJMin, ptSumOther_pJJMax
 0.661,0.092,0.307, ptSumOther_ptJJMin, ptSumOther_pzJJMin
 0.661,0.092,0.307, ptSumOther_ptJJMin, ptSumOther_pzOtherMax
 0.663,0.104,0.313, ptSumOther_ptJJMin, ptSumOther_pJJMin
 0.672,0.103,0.303, ptSumOther_ptJJMin, ptSumOther_mOtherMin
 0.660,0.102,0.299, ptSumOther_ptJJMin, ptSumOther_etaOtherMax
 0.674,0.103,0.322, ptSumOther_ptJJMin, mOther_dEtaJJMax
 0.655,0.090,0.301, ptSumOther_ptJJMin, ptSumOther_ptOtherMin
 0.663,0.093,0.301, ptSumOther_ptJJMin, ptSumOther_dRJJMin
 0.687,0.128,0.360, ptSumOther_ptJJMin, ptLeadOther_sumPtJJMax
 0.687,0.128,0.360, ptSumOther_ptJJMin, ptLeadOther_ptSumOtherMin
 0.687,0.128,0.360, ptSumOther_ptJJMin, ptLeadOther_ptLeadOtherMin
 0.683,0.118,0.342, ptSumOther_ptJJMin, sumPtJJ_ptLeadOtherMax
 0.670,0.099,0.292, ptSumOther_ptJJMin, ptSumOther_mJJMax
 0.671,0.101,0.315, ptSumOther_ptJJMin, mOther_dRJJMax
 0.668,0.106,0.311, ptSumOther_ptJJMin, ptSumOther_pOtherMax
 0.682,0.116,0.376, ptSumOther_ptJJMin, min_dr_jets
 0.682,0.116,0.376, ptSumOther_ptJJMin, dRJJ_dRJJMin
 0.704,0.137,0.424, ptSumOther_ptJJMin, numHiggsLike_dijet_15_float
 0.655,0.091,0.288, ptSumOther_ptJJMin, ptSumOther_ptLeadOtherMax
 0.651,0.086,0.303, ptSumOther_ptJJMin, ptSumOther_ptAsymJJMin
 0.683,0.116,0.389, ptSumOther_ptJJMin, higgsLike_dijet_mass
 0.711,0.145,0.448, ptSumOther_ptJJMin, dRJJ_ptJJMax
 0.670,0.105,0.303, ptSumOther_mJJMin, ptSumOther_pJJMax
 0.668,0.105,0.300, ptSumOther_mJJMin, ptSumOther_pzJJMin
 0.668,0.105,0.300, ptSumOther_mJJMin, ptSumOther_pzOtherMax
 0.670,0.108,0.311, ptSumOther_mJJMin, ptSumOther_pJJMin
 0.676,0.109,0.300, ptSumOther_mJJMin, ptSumOther_mOtherMin
 0.666,0.107,0.303, ptSumOther_mJJMin, ptSumOther_etaOtherMax
 0.689,0.121,0.332, ptSumOther_mJJMin, mOther_dEtaJJMax
 0.668,0.106,0.308, ptSumOther_mJJMin, ptSumOther_ptOtherMin
 0.676,0.106,0.304, ptSumOther_mJJMin, ptSumOther_dRJJMin
 0.691,0.124,0.355, ptSumOther_mJJMin, ptLeadOther_sumPtJJMax
 0.691,0.124,0.355, ptSumOther_mJJMin, ptLeadOther_ptSumOtherMin
 0.691,0.124,0.355, ptSumOther_mJJMin, ptLeadOther_ptLeadOtherMin
 0.680,0.119,0.323, ptSumOther_mJJMin, sumPtJJ_ptLeadOtherMax
 0.675,0.107,0.296, ptSumOther_mJJMin, ptSumOther_mJJMax
 0.688,0.119,0.324, ptSumOther_mJJMin, mOther_dRJJMax
 0.673,0.105,0.301, ptSumOther_mJJMin, ptSumOther_pOtherMax
 0.695,0.126,0.380, ptSumOther_mJJMin, min_dr_jets
 0.695,0.126,0.380, ptSumOther_mJJMin, dRJJ_dRJJMin
 0.719,0.151,0.440, ptSumOther_mJJMin, numHiggsLike_dijet_15_float
 0.666,0.109,0.285, ptSumOther_mJJMin, ptSumOther_ptLeadOtherMax
 0.668,0.105,0.307, ptSumOther_mJJMin, ptSumOther_ptAsymJJMin
 0.702,0.135,0.401, ptSumOther_mJJMin, higgsLike_dijet_mass
 0.726,0.167,0.462, ptSumOther_mJJMin, dRJJ_ptJJMax
 0.669,0.103,0.304, ptSumOther_pJJMax, ptSumOther_pzJJMin
 0.669,0.103,0.304, ptSumOther_pJJMax, ptSumOther_pzOtherMax
 0.674,0.108,0.322, ptSumOther_pJJMax, ptSumOther_pJJMin
 0.669,0.107,0.295, ptSumOther_pJJMax, ptSumOther_mOtherMin
 0.670,0.100,0.300, ptSumOther_pJJMax, ptSumOther_etaOtherMax
 0.679,0.108,0.314, ptSumOther_pJJMax, mOther_dEtaJJMax
 0.672,0.105,0.310, ptSumOther_pJJMax, ptSumOther_ptOtherMin
 0.674,0.114,0.310, ptSumOther_pJJMax, ptSumOther_dRJJMin
 0.693,0.124,0.346, ptSumOther_pJJMax, ptLeadOther_sumPtJJMax
 0.693,0.124,0.346, ptSumOther_pJJMax, ptLeadOther_ptSumOtherMin
 0.693,0.124,0.346, ptSumOther_pJJMax, ptLeadOther_ptLeadOtherMin
 0.687,0.119,0.326, ptSumOther_pJJMax, sumPtJJ_ptLeadOtherMax
 0.673,0.105,0.294, ptSumOther_pJJMax, ptSumOther_mJJMax
 0.678,0.109,0.311, ptSumOther_pJJMax, mOther_dRJJMax
 0.677,0.115,0.315, ptSumOther_pJJMax, ptSumOther_pOtherMax
 0.698,0.132,0.382, ptSumOther_pJJMax, min_dr_jets
 0.698,0.132,0.382, ptSumOther_pJJMax, dRJJ_dRJJMin
 0.717,0.152,0.439, ptSumOther_pJJMax, numHiggsLike_dijet_15_float
 0.673,0.107,0.300, ptSumOther_pJJMax, ptSumOther_ptLeadOtherMax
 0.672,0.106,0.303, ptSumOther_pJJMax, ptSumOther_ptAsymJJMin
 0.695,0.130,0.389, ptSumOther_pJJMax, higgsLike_dijet_mass
 0.721,0.161,0.448, ptSumOther_pJJMax, dRJJ_ptJJMax
r):   ,Sepa-,Signifi- , ptSumOther_pzJJMin, ptSumOther_pzOtherMax
 0.660,0.099,0.307, ptSumOther_pzJJMin, ptSumOther_pJJMin
 0.671,0.102,0.297, ptSumOther_pzJJMin, ptSumOther_mOtherMin
 0.657,0.093,0.288, ptSumOther_pzJJMin, ptSumOther_etaOtherMax
 0.678,0.115,0.323, ptSumOther_pzJJMin, mOther_dEtaJJMax
 0.661,0.100,0.303, ptSumOther_pzJJMin, ptSumOther_ptOtherMin
 0.660,0.096,0.300, ptSumOther_pzJJMin, ptSumOther_dRJJMin
 0.685,0.119,0.346, ptSumOther_pzJJMin, ptLeadOther_sumPtJJMax
 0.685,0.119,0.346, ptSumOther_pzJJMin, ptLeadOther_ptSumOtherMin
 0.685,0.119,0.346, ptSumOther_pzJJMin, ptLeadOther_ptLeadOtherMin
 0.680,0.114,0.330, ptSumOther_pzJJMin, sumPtJJ_ptLeadOtherMax
 0.673,0.101,0.301, ptSumOther_pzJJMin, ptSumOther_mJJMax
 0.680,0.108,0.324, ptSumOther_pzJJMin, mOther_dRJJMax
 0.663,0.098,0.299, ptSumOther_pzJJMin, ptSumOther_pOtherMax
 0.688,0.119,0.381, ptSumOther_pzJJMin, min_dr_jets
 0.688,0.119,0.381, ptSumOther_pzJJMin, dRJJ_dRJJMin
 0.711,0.146,0.436, ptSumOther_pzJJMin, numHiggsLike_dijet_15_float
 0.656,0.090,0.281, ptSumOther_pzJJMin, ptSumOther_ptLeadOtherMax
 0.656,0.092,0.296, ptSumOther_pzJJMin, ptSumOther_ptAsymJJMin
 0.690,0.120,0.393, ptSumOther_pzJJMin, higgsLike_dijet_mass
 0.713,0.146,0.448, ptSumOther_pzJJMin, dRJJ_ptJJMax
 0.660,0.099,0.307, ptSumOther_pzOtherMax, ptSumOther_pJJMin
 0.671,0.102,0.297, ptSumOther_pzOtherMax, ptSumOther_mOtherMin
 0.657,0.093,0.288, ptSumOther_pzOtherMax, ptSumOther_etaOtherMax
 0.678,0.115,0.323, ptSumOther_pzOtherMax, mOther_dEtaJJMax
 0.661,0.100,0.303, ptSumOther_pzOtherMax, ptSumOther_ptOtherMin
 0.660,0.096,0.300, ptSumOther_pzOtherMax, ptSumOther_dRJJMin
 0.685,0.119,0.346, ptSumOther_pzOtherMax, ptLeadOther_sumPtJJMax
 0.685,0.119,0.346, ptSumOther_pzOtherMax, ptLeadOther_ptSumOtherMin
 0.685,0.119,0.346, ptSumOther_pzOtherMax, ptLeadOther_ptLeadOtherMin
 0.680,0.114,0.330, ptSumOther_pzOtherMax, sumPtJJ_ptLeadOtherMax
 0.673,0.101,0.301, ptSumOther_pzOtherMax, ptSumOther_mJJMax
 0.680,0.108,0.324, ptSumOther_pzOtherMax, mOther_dRJJMax
 0.663,0.098,0.299, ptSumOther_pzOtherMax, ptSumOther_pOtherMax
 0.688,0.119,0.381, ptSumOther_pzOtherMax, min_dr_jets
 0.688,0.119,0.381, ptSumOther_pzOtherMax, dRJJ_dRJJMin
 0.711,0.146,0.436, ptSumOther_pzOtherMax, numHiggsLike_dijet_15_float
 0.656,0.090,0.281, ptSumOther_pzOtherMax, ptSumOther_ptLeadOtherMax
 0.656,0.092,0.296, ptSumOther_pzOtherMax, ptSumOther_ptAsymJJMin
 0.690,0.120,0.393, ptSumOther_pzOtherMax, higgsLike_dijet_mass
 0.713,0.146,0.448, ptSumOther_pzOtherMax, dRJJ_ptJJMax
 0.673,0.106,0.310, ptSumOther_pJJMin, ptSumOther_mOtherMin
 0.662,0.099,0.302, ptSumOther_pJJMin, ptSumOther_etaOtherMax
 0.679,0.118,0.332, ptSumOther_pJJMin, mOther_dEtaJJMax
 0.658,0.104,0.310, ptSumOther_pJJMin, ptSumOther_ptOtherMin
 0.665,0.101,0.302, ptSumOther_pJJMin, ptSumOther_dRJJMin
 0.689,0.123,0.363, ptSumOther_pJJMin, ptLeadOther_sumPtJJMax
 0.689,0.123,0.363, ptSumOther_pJJMin, ptLeadOther_ptSumOtherMin
 0.689,0.123,0.363, ptSumOther_pJJMin, ptLeadOther_ptLeadOtherMin
 0.683,0.122,0.336, ptSumOther_pJJMin, sumPtJJ_ptLeadOtherMax
 0.674,0.109,0.298, ptSumOther_pJJMin, ptSumOther_mJJMax
 0.678,0.115,0.325, ptSumOther_pJJMin, mOther_dRJJMax
 0.667,0.104,0.305, ptSumOther_pJJMin, ptSumOther_pOtherMax
 0.691,0.130,0.388, ptSumOther_pJJMin, min_dr_jets
 0.691,0.130,0.388, ptSumOther_pJJMin, dRJJ_dRJJMin
 0.709,0.144,0.437, ptSumOther_pJJMin, numHiggsLike_dijet_15_float
 0.664,0.102,0.302, ptSumOther_pJJMin, ptSumOther_ptLeadOtherMax
 0.661,0.100,0.311, ptSumOther_pJJMin, ptSumOther_ptAsymJJMin
 0.693,0.125,0.404, ptSumOther_pJJMin, higgsLike_dijet_mass
 0.715,0.145,0.457, ptSumOther_pJJMin, dRJJ_ptJJMax
 0.668,0.097,0.291, ptSumOther_mOtherMin, ptSumOther_etaOtherMax
 0.675,0.108,0.305, ptSumOther_mOtherMin, mOther_dEtaJJMax
 0.669,0.099,0.295, ptSumOther_mOtherMin, ptSumOther_ptOtherMin
 0.672,0.108,0.296, ptSumOther_mOtherMin, ptSumOther_dRJJMin
 0.689,0.125,0.333, ptSumOther_mOtherMin, ptLeadOther_sumPtJJMax
 0.689,0.125,0.333, ptSumOther_mOtherMin, ptLeadOther_ptSumOtherMin
 0.689,0.125,0.333, ptSumOther_mOtherMin, ptLeadOther_ptLeadOtherMin
 0.691,0.122,0.324, ptSumOther_mOtherMin, sumPtJJ_ptLeadOtherMax
 0.670,0.100,0.277, ptSumOther_mOtherMin, ptSumOther_mJJMax
 0.682,0.107,0.306, ptSumOther_mOtherMin, mOther_dRJJMax
 0.675,0.110,0.304, ptSumOther_mOtherMin, ptSumOther_pOtherMax
 0.696,0.130,0.375, ptSumOther_mOtherMin, min_dr_jets
 0.696,0.130,0.375, ptSumOther_mOtherMin, dRJJ_dRJJMin
 0.712,0.149,0.424, ptSumOther_mOtherMin, numHiggsLike_dijet_15_float
 0.671,0.100,0.283, ptSumOther_mOtherMin, ptSumOther_ptLeadOtherMax
 0.670,0.100,0.291, ptSumOther_mOtherMin, ptSumOther_ptAsymJJMin
 0.694,0.127,0.380, ptSumOther_mOtherMin, higgsLike_dijet_mass
 0.717,0.152,0.443, ptSumOther_mOtherMin, dRJJ_ptJJMax
 0.671,0.105,0.306, ptSumOther_etaOtherMax, mOther_dEtaJJMax
 0.660,0.092,0.300, ptSumOther_etaOtherMax, ptSumOther_ptOtherMin
 0.661,0.099,0.296, ptSumOther_etaOtherMax, ptSumOther_dRJJMin
 0.686,0.119,0.343, ptSumOther_etaOtherMax, ptLeadOther_sumPtJJMax
 0.686,0.119,0.343, ptSumOther_etaOtherMax, ptLeadOther_ptSumOtherMin
 0.686,0.119,0.343, ptSumOther_etaOtherMax, ptLeadOther_ptLeadOtherMin
 0.678,0.115,0.327, ptSumOther_etaOtherMax, sumPtJJ_ptLeadOtherMax
 0.669,0.100,0.291, ptSumOther_etaOtherMax, ptSumOther_mJJMax
 0.666,0.099,0.297, ptSumOther_etaOtherMax, mOther_dRJJMax
 0.665,0.095,0.299, ptSumOther_etaOtherMax, ptSumOther_pOtherMax
 0.687,0.117,0.374, ptSumOther_etaOtherMax, min_dr_jets
 0.687,0.117,0.374, ptSumOther_etaOtherMax, dRJJ_dRJJMin
 0.708,0.143,0.426, ptSumOther_etaOtherMax, numHiggsLike_dijet_15_float
 0.660,0.094,0.285, ptSumOther_etaOtherMax, ptSumOther_ptLeadOtherMax
 0.657,0.097,0.293, ptSumOther_etaOtherMax, ptSumOther_ptAsymJJMin
 0.685,0.118,0.386, ptSumOther_etaOtherMax, higgsLike_dijet_mass
 0.713,0.143,0.444, ptSumOther_etaOtherMax, dRJJ_ptJJMax
 0.672,0.111,0.317, mOther_dEtaJJMax, ptSumOther_ptOtherMin
 0.678,0.109,0.316, mOther_dEtaJJMax, ptSumOther_dRJJMin
 0.692,0.128,0.351, mOther_dEtaJJMax, ptLeadOther_sumPtJJMax
 0.692,0.128,0.351, mOther_dEtaJJMax, ptLeadOther_ptSumOtherMin
 0.692,0.128,0.351, mOther_dEtaJJMax, ptLeadOther_ptLeadOtherMin
 0.689,0.120,0.332, mOther_dEtaJJMax, sumPtJJ_ptLeadOtherMax
 0.677,0.108,0.301, mOther_dEtaJJMax, ptSumOther_mJJMax
 0.659,0.096,0.282, mOther_dEtaJJMax, mOther_dRJJMax
 0.688,0.120,0.327, mOther_dEtaJJMax, ptSumOther_pOtherMax
 0.690,0.127,0.372, mOther_dEtaJJMax, min_dr_jets
 0.690,0.127,0.372, mOther_dEtaJJMax, dRJJ_dRJJMin
 0.705,0.138,0.418, mOther_dEtaJJMax, numHiggsLike_dijet_15_float
 0.676,0.109,0.307, mOther_dEtaJJMax, ptSumOther_ptLeadOtherMax
 0.668,0.103,0.311, mOther_dEtaJJMax, ptSumOther_ptAsymJJMin
 0.684,0.116,0.377, mOther_dEtaJJMax, higgsLike_dijet_mass
 0.707,0.136,0.434, mOther_dEtaJJMax, dRJJ_ptJJMax
 0.663,0.098,0.304, ptSumOther_ptOtherMin, ptSumOther_dRJJMin
 0.686,0.123,0.351, ptSumOther_ptOtherMin, ptLeadOther_sumPtJJMax
 0.686,0.123,0.351, ptSumOther_ptOtherMin, ptLeadOther_ptSumOtherMin
 0.686,0.123,0.351, ptSumOther_ptOtherMin, ptLeadOther_ptLeadOtherMin
 0.680,0.121,0.338, ptSumOther_ptOtherMin, sumPtJJ_ptLeadOtherMax
 0.669,0.103,0.290, ptSumOther_ptOtherMin, ptSumOther_mJJMax
 0.667,0.098,0.304, ptSumOther_ptOtherMin, mOther_dRJJMax
 0.665,0.105,0.303, ptSumOther_ptOtherMin, ptSumOther_pOtherMax
 0.682,0.118,0.374, ptSumOther_ptOtherMin, min_dr_jets
 0.682,0.118,0.374, ptSumOther_ptOtherMin, dRJJ_dRJJMin
 0.706,0.137,0.425, ptSumOther_ptOtherMin, numHiggsLike_dijet_15_float
 0.655,0.087,0.288, ptSumOther_ptOtherMin, ptSumOther_ptLeadOtherMax
 0.654,0.091,0.305, ptSumOther_ptOtherMin, ptSumOther_ptAsymJJMin
 0.681,0.118,0.380, ptSumOther_ptOtherMin, higgsLike_dijet_mass
 0.711,0.144,0.444, ptSumOther_ptOtherMin, dRJJ_ptJJMax
 0.688,0.124,0.348, ptSumOther_dRJJMin, ptLeadOther_sumPtJJMax
 0.688,0.124,0.348, ptSumOther_dRJJMin, ptLeadOther_ptSumOtherMin
 0.688,0.124,0.348, ptSumOther_dRJJMin, ptLeadOther_ptLeadOtherMin
 0.678,0.116,0.320, ptSumOther_dRJJMin, sumPtJJ_ptLeadOtherMax
 0.670,0.100,0.289, ptSumOther_dRJJMin, ptSumOther_mJJMax
 0.680,0.116,0.313, ptSumOther_dRJJMin, mOther_dRJJMax
 0.667,0.100,0.297, ptSumOther_dRJJMin, ptSumOther_pOtherMax
 0.690,0.122,0.367, ptSumOther_dRJJMin, min_dr_jets
 0.690,0.122,0.367, ptSumOther_dRJJMin, dRJJ_dRJJMin
 0.712,0.149,0.438, ptSumOther_dRJJMin, numHiggsLike_dijet_15_float
 0.658,0.091,0.279, ptSumOther_dRJJMin, ptSumOther_ptLeadOtherMax
 0.660,0.096,0.300, ptSumOther_dRJJMin, ptSumOther_ptAsymJJMin
 0.695,0.129,0.398, ptSumOther_dRJJMin, higgsLike_dijet_mass
 0.719,0.154,0.450, ptSumOther_dRJJMin, dRJJ_ptJJMax
r):   ,Sepa-,Signifi- , ptLeadOther_sumPtJJMax, ptLeadOther_ptSumOtherMin
r):   ,Sepa-,Signifi- , ptLeadOther_sumPtJJMax, ptLeadOther_ptLeadOtherMin
 0.669,0.103,0.311, ptLeadOther_sumPtJJMax, sumPtJJ_ptLeadOtherMax
 0.689,0.125,0.329, ptLeadOther_sumPtJJMax, ptSumOther_mJJMax
 0.684,0.122,0.337, ptLeadOther_sumPtJJMax, mOther_dRJJMax
 0.690,0.126,0.351, ptLeadOther_sumPtJJMax, ptSumOther_pOtherMax
 0.699,0.129,0.391, ptLeadOther_sumPtJJMax, min_dr_jets
 0.699,0.129,0.391, ptLeadOther_sumPtJJMax, dRJJ_dRJJMin
 0.723,0.157,0.457, ptLeadOther_sumPtJJMax, numHiggsLike_dijet_15_float
 0.683,0.122,0.342, ptLeadOther_sumPtJJMax, ptSumOther_ptLeadOtherMax
 0.680,0.121,0.347, ptLeadOther_sumPtJJMax, ptSumOther_ptAsymJJMin
 0.706,0.138,0.417, ptLeadOther_sumPtJJMax, higgsLike_dijet_mass
 0.713,0.147,0.445, ptLeadOther_sumPtJJMax, dRJJ_ptJJMax
r):   ,Sepa-,Signifi- , ptLeadOther_ptSumOtherMin, ptLeadOther_ptLeadOtherMin
 0.669,0.103,0.311, ptLeadOther_ptSumOtherMin, sumPtJJ_ptLeadOtherMax
 0.689,0.125,0.329, ptLeadOther_ptSumOtherMin, ptSumOther_mJJMax
 0.684,0.122,0.337, ptLeadOther_ptSumOtherMin, mOther_dRJJMax
 0.690,0.126,0.351, ptLeadOther_ptSumOtherMin, ptSumOther_pOtherMax
 0.699,0.129,0.391, ptLeadOther_ptSumOtherMin, min_dr_jets
 0.699,0.129,0.391, ptLeadOther_ptSumOtherMin, dRJJ_dRJJMin
 0.723,0.157,0.457, ptLeadOther_ptSumOtherMin, numHiggsLike_dijet_15_float
 0.683,0.122,0.342, ptLeadOther_ptSumOtherMin, ptSumOther_ptLeadOtherMax
 0.680,0.121,0.347, ptLeadOther_ptSumOtherMin, ptSumOther_ptAsymJJMin
 0.706,0.138,0.417, ptLeadOther_ptSumOtherMin, higgsLike_dijet_mass
 0.713,0.147,0.445, ptLeadOther_ptSumOtherMin, dRJJ_ptJJMax
 0.669,0.103,0.311, ptLeadOther_ptLeadOtherMin, sumPtJJ_ptLeadOtherMax
 0.689,0.125,0.329, ptLeadOther_ptLeadOtherMin, ptSumOther_mJJMax
 0.684,0.122,0.337, ptLeadOther_ptLeadOtherMin, mOther_dRJJMax
 0.690,0.126,0.351, ptLeadOther_ptLeadOtherMin, ptSumOther_pOtherMax
 0.699,0.129,0.391, ptLeadOther_ptLeadOtherMin, min_dr_jets
 0.699,0.129,0.391, ptLeadOther_ptLeadOtherMin, dRJJ_dRJJMin
 0.723,0.157,0.457, ptLeadOther_ptLeadOtherMin, numHiggsLike_dijet_15_float
 0.683,0.122,0.342, ptLeadOther_ptLeadOtherMin, ptSumOther_ptLeadOtherMax
 0.680,0.121,0.347, ptLeadOther_ptLeadOtherMin, ptSumOther_ptAsymJJMin
 0.706,0.138,0.417, ptLeadOther_ptLeadOtherMin, higgsLike_dijet_mass
 0.713,0.147,0.445, ptLeadOther_ptLeadOtherMin, dRJJ_ptJJMax
 0.690,0.123,0.323, sumPtJJ_ptLeadOtherMax, ptSumOther_mJJMax
 0.678,0.117,0.319, sumPtJJ_ptLeadOtherMax, mOther_dRJJMax
 0.680,0.117,0.322, sumPtJJ_ptLeadOtherMax, ptSumOther_pOtherMax
 0.700,0.136,0.393, sumPtJJ_ptLeadOtherMax, min_dr_jets
 0.700,0.136,0.393, sumPtJJ_ptLeadOtherMax, dRJJ_dRJJMin
 0.729,0.167,0.466, sumPtJJ_ptLeadOtherMax, numHiggsLike_dijet_15_float
 0.676,0.116,0.318, sumPtJJ_ptLeadOtherMax, ptSumOther_ptLeadOtherMax
 0.682,0.123,0.346, sumPtJJ_ptLeadOtherMax, ptSumOther_ptAsymJJMin
 0.712,0.148,0.444, sumPtJJ_ptLeadOtherMax, higgsLike_dijet_mass
 0.713,0.147,0.441, sumPtJJ_ptLeadOtherMax, dRJJ_ptJJMax
 0.677,0.105,0.299, ptSumOther_mJJMax, mOther_dRJJMax
 0.676,0.102,0.297, ptSumOther_mJJMax, ptSumOther_pOtherMax
 0.694,0.126,0.367, ptSumOther_mJJMax, min_dr_jets
 0.694,0.126,0.367, ptSumOther_mJJMax, dRJJ_dRJJMin
 0.709,0.141,0.412, ptSumOther_mJJMax, numHiggsLike_dijet_15_float
 0.668,0.104,0.272, ptSumOther_mJJMax, ptSumOther_ptLeadOtherMax
 0.669,0.100,0.282, ptSumOther_mJJMax, ptSumOther_ptAsymJJMin
 0.695,0.125,0.372, ptSumOther_mJJMax, higgsLike_dijet_mass
 0.714,0.146,0.436, ptSumOther_mJJMax, dRJJ_ptJJMax
 0.684,0.118,0.325, mOther_dRJJMax, ptSumOther_pOtherMax
 0.682,0.113,0.366, mOther_dRJJMax, min_dr_jets
 0.682,0.113,0.366, mOther_dRJJMax, dRJJ_dRJJMin
 0.696,0.126,0.403, mOther_dRJJMax, numHiggsLike_dijet_15_float
 0.677,0.111,0.309, mOther_dRJJMax, ptSumOther_ptLeadOtherMax
 0.659,0.095,0.301, mOther_dRJJMax, ptSumOther_ptAsymJJMin
 0.672,0.106,0.351, mOther_dRJJMax, higgsLike_dijet_mass
 0.703,0.134,0.423, mOther_dRJJMax, dRJJ_ptJJMax
 0.696,0.128,0.385, ptSumOther_pOtherMax, min_dr_jets
 0.696,0.128,0.385, ptSumOther_pOtherMax, dRJJ_dRJJMin
 0.713,0.146,0.432, ptSumOther_pOtherMax, numHiggsLike_dijet_15_float
 0.664,0.100,0.289, ptSumOther_pOtherMax, ptSumOther_ptLeadOtherMax
 0.663,0.100,0.306, ptSumOther_pOtherMax, ptSumOther_ptAsymJJMin
 0.696,0.124,0.396, ptSumOther_pOtherMax, higgsLike_dijet_mass
 0.718,0.153,0.453, ptSumOther_pOtherMax, dRJJ_ptJJMax
r):   ,Sepa-,Signifi- , min_dr_jets, dRJJ_dRJJMin
 0.684,0.113,0.421, min_dr_jets, numHiggsLike_dijet_15_float
 0.688,0.123,0.374, min_dr_jets, ptSumOther_ptLeadOtherMax
 0.678,0.112,0.371, min_dr_jets, ptSumOther_ptAsymJJMin
 0.655,0.099,0.396, min_dr_jets, higgsLike_dijet_mass
 0.649,0.085,0.361, min_dr_jets, dRJJ_ptJJMax
 0.684,0.113,0.421, dRJJ_dRJJMin, numHiggsLike_dijet_15_float
 0.688,0.123,0.374, dRJJ_dRJJMin, ptSumOther_ptLeadOtherMax
 0.678,0.112,0.371, dRJJ_dRJJMin, ptSumOther_ptAsymJJMin
 0.655,0.099,0.396, dRJJ_dRJJMin, higgsLike_dijet_mass
 0.649,0.085,0.361, dRJJ_dRJJMin, dRJJ_ptJJMax
 0.712,0.150,0.439, numHiggsLike_dijet_15_float, ptSumOther_ptLeadOtherMax
 0.699,0.130,0.423, numHiggsLike_dijet_15_float, ptSumOther_ptAsymJJMin
 0.661,0.088,0.370, numHiggsLike_dijet_15_float, higgsLike_dijet_mass
 0.690,0.118,0.453, numHiggsLike_dijet_15_float, dRJJ_ptJJMax
 0.651,0.086,0.289, ptSumOther_ptLeadOtherMax, ptSumOther_ptAsymJJMin
 0.690,0.125,0.393, ptSumOther_ptLeadOtherMax, higgsLike_dijet_mass
 0.712,0.147,0.444, ptSumOther_ptLeadOtherMax, dRJJ_ptJJMax
 0.675,0.111,0.384, ptSumOther_ptAsymJJMin, higgsLike_dijet_mass
 0.704,0.138,0.446, ptSumOther_ptAsymJJMin, dRJJ_ptJJMax
 0.666,0.100,0.416, higgsLike_dijet_mass, dRJJ_ptJJMax
